,,,,,,,,,,,,,,,,,,,,,,,,,,,,,,,,,,,,,,,,,,,,,,,,,,,,,
,,Range,"Attack Type",Level,Form,"1h 2h","Damage Type and Bonus",,ATK,DEF,"RT cost",Wgt,HP,MP,STR,VIT,DEX,AGI,AVD,INT,MND,RES,LCK,Damage Resistance,,,Ele,Elemental Resistance,,,,,,,,"Racial Dmg Bonus",,Racial Resistance,,,,,,,,,"Effect on Hit",Passive Effect,Skill Bonus,Effect on Use,Crafted With,"Random Drop",Notes
,,,,,,,,,,,,,,,,,,,,,,,,Crush,Slash,Pierce,,Air,Erth,Lght,Wtr,Fire,Ice,Div,Drk,,,Hu,Bst,Rpt,Drg,Div,Um,Fae,Und,Glm,,,,,,,
,SHIELDS,,,,,,,,,,,,,,,,,,,,,,,,,,,,,,,,,,,,,,,,,,,,,,,,,,,,
,Buckler,1,direct,1,str,1,crush,5%,21,7,4,4,,,,,,,5,,,,,8,6,8,,4,4,4,4,4,4,4,4,,,,,,,,,,,,Knockback,,,,,✔,
,Kite Shield,1,direct,4,str,1,crush,7%,29,10,4,6,16,,,,,,,,,,,7,9,9,,8,8,8,8,8,8,8,8,,,,,,,,,,,,Knockback,,,,,✔,
,Targe,1,direct,7,str,1,crush,6%,33,11,4,4,,,,,,,12,,,,,9,7,9,,6,6,6,6,6,6,6,6,,,,,,,,,,,,Knockback,,Parry +1,,,✔,
,Tower Shield,1,direct,10,str,1,crush,8%,43,15,4,6,25,,,,,,,,,,,8,11,11,,10,10,10,10,10,10,10,10,,,,,,,,,,,,Knockback,,Parry +1,,,✔,
,Heavy Scutum,1,direct,10,str,1,crush,9%,55,15,4,6,,,,,,,,,,,,8,11,11,,10,10,10,10,10,10,10,10,,,,,,,,,,,,Stun,,Deflect +1,,Melee Combat I,✘,
,Spiked Shield,1,direct,13,str,1,crush,7%,52,16,4,4,,,,,,,,,,,,10,8,10,,,,,,,,,,,,,,,,,,,,,Knockback,Reflect Damage,,,,✔,
,Shard Shield,1,direct,13,str,1,crush,7%,52,16,4,4,,,,,,,,,,,,10,8,10,,,,,,,,,,,,,,,,,,,,,50% Silence,Reflect Magic,,,Melee Combat I,✘,
,Baldur Shield,1,direct,16,str,1,crush,7%,51,18,4,4,,,,,,,22,,,,,11,8,11,,8,8,8,8,8,8,8,8,† undead,20%,,,,,,,,10,,Knockback,,Parry +1,,,✔,
,Silver Ward,1,direct,16,str,1,crush,7%,51,18,4,4,,,,,,,,,,12,,11,8,11,,8,8,8,8,8,8,8,8,† undead,20%,,,,,,,,10,,50% Silence,,Deflect +1,,Melee Combat II,✘,
,Heater Shield,1,direct,19,str,1,crush,10%,63,22,4,6,36,,,,,,,,,,,9,12,12,,12,12,12,12,12,12,12,12,,,,,,,,,,,,Knockback,,Parry +1,,,✔,
,Escutcheon,1,direct,19,str,1,crush,11%,82,22,4,6,,,,,,,,,,,,9,12,12,,12,12,12,12,12,12,12,12,,,,,,,,,,,,Stun,,Deflect +1,,Melee Combat II,✘,
,Damasc Shield,1,direct,22,str,1,crush,8%,63,21,4,4,,,,,,,28,,,,,12,9,12,,10,10,10,10,10,10,10,10,,,,,,,,,,,,Knockback,,Parry +1,,,✔,
,Crucible Ward,1,direct,22,str,1,crush,8%,63,21,4,4,,,,,,,,,,15,,12,9,12,,10,10,10,10,10,10,10,10,,,,,,,,,,,,50% Silence,,Deflect +1,,Melee Combat II,✘,
,Mirror Aspis,1,direct,24,str,1,crush,4%,32,6,4,6,,,,,,,,,,40,,3,3,3,,20,20,20,20,20,20,20,20,,,,,,,,,,,,,Reflect Damage,,Torment x2,Shieldcraft,✘,
,Power Fist,1,direct,25,str,1,crush,15%,101,11,4,4,,,10,,,,15,,,,,6,5,6,,,,,,,,,,golem,20%,,,,,,,,,10,Stun,,,Strengthen x2,Shieldcraft,✘,
,Main Gauche,1,direct,26,dex,1,pierce,8%,87,,4,2,,,,,,10,50,,,,,,,,,,,,,,,,,,,10,,10,,10,10,10,10,,25% Shackle,,Parry +2,,Shieldcraft,✘,
,Dragon Scale,1,direct,28,str,1,crush,9%,69,23,4,4,,,,,,,,,,18,,13,10,13,,12,12,12,12,12,12,12,12,dragon,20%,,,,10,,,,,,50% Silence,,Deflect +1,,Shieldcraft,✔,part of dragonslayer set
,Wyrmscale Guard,1,direct,28,str,1,crush,11%,75,26,4,6,40,,,,,,,,,,,11,14,14,,14,14,14,14,14,14,14,14,dragon,20%,,,,10,,,,,,Knockback,,Parry +1,,Shieldcraft,✔,part of dragonslayer set
,Rosary Shield,1,direct,30,str,1,crush,9%,70,24,4,4,,,,,,,36,,,,,13,10,13,Di,14,14,14,14,14,14,28,,,,,,,,,,,,,Knockback,,Parry +1,,Shield Enchiridion,✘,
,Dread Shield,1,direct,30,str,1,crush,9%,70,24,4,4,,,,,,,36,,,,,13,10,13,Dr,14,14,14,14,14,14,,28,,,,,,,,,,,,Knockback,,Parry +1,,Shield Enchiridion,✘,
,Zephyr Shield,1,direct,30,str,1,crush,9%,70,24,4,4,,,,,,,36,,,,,13,10,13,Ai,28,,14,14,14,14,14,14,,,,,,,,,,,,Knockback,,Parry +1,,Shield Enchiridion,✘,
,Lodestone Shield,1,direct,30,str,1,crush,9%,70,24,4,4,,,,,,,36,,,,,13,10,13,Ea,,28,14,14,14,14,14,14,,,,,,,,,,,,Knockback,,Parry +1,,Shield Enchiridion,✘,
,Tempest Shield,1,direct,30,str,1,crush,9%,70,24,4,4,,,,,,,36,,,,,13,10,13,Lg,14,14,28,,14,14,14,14,,,,,,,,,,,,Knockback,,Parry +1,,Shield Enchiridion,✘,
,Wavebreaker Shield,1,direct,30,str,1,crush,9%,70,24,4,4,,,,,,,36,,,,,13,10,13,Wt,14,14,,28,14,14,14,14,,,,,,,,,,,,Knockback,,Parry +1,,Shield Enchiridion,✘,
,Wildfire Shield,1,direct,30,str,1,crush,9%,70,24,4,4,,,,,,,36,,,,,13,10,13,Fi,14,14,14,14,28,,14,14,,,,,,,,,,,,Knockback,,Parry +1,,Shield Enchiridion,✘,
,Frostbite Shield,1,direct,30,str,1,crush,9%,70,24,4,4,,,,,,,36,,,,,13,10,13,Ic,14,14,14,14,,28,14,14,,,,,,,,,,,,Knockback,,Parry +1,,Shield Enchiridion,✘,
,Shield of Sages ™,1,direct,34,str,1,crush,12%,82,28,4,6,46,,,,,,,,,,,12,15,15,Di,16,16,16,16,16,16,32,,umbra,20%,,,,,,10,,10,,Knockback,Curse Ward,Parry +1,Holy Shield x1,,✘,
,Ogre Shield ™,1,direct,36,str,1,crush,14%,108,29,4,6,,,,,,,,,,,,12,16,16,Dr,16,16,16,16,16,16,,32,human,20%,10,,,,10,,,,,Stun,Fear Ward,Deflect +1,Spellguard x1,,✘,part of ogre set
,Aegis,1,direct,38,str,1,crush,13%,86,29,4,6,48,,,,,,,,,,,12,16,16,,20,20,20,20,20,20,,,undead,20%,,,,,,,,,,Knockback,Stop Ward,Parry +1,Aegis x2,,✘,
,Gorgon Shield,1,direct,40,str,1,crush,13%,88,30,4,6,50,,,,,,,,,,,12,17,17,,15,15,15,15,15,15,15,15,divine,20%,5,5,5,5,5,5,5,5,5,Knockback,Stone Ward,Parry +1,Evil Eye x1,Secrets of the Master,✘,
,SHIELDS,,,,,,,,,,,,,,,,,,,,,,,,,,,,,,,,,,,,,,,,,,,,,,,,,,,,
,Circlet,,,1,,,,,,6,,1,,8,,,,8,,,3,4,,7,7,7,,4,4,4,4,4,4,4,4,,,,,,,,,,,,,Absorb MP,,,,✔,
,Bronze Helm,,,4,,,,,,10,,5,16,,,,,,,,,5,,7,9,9,,,,,,,,,,,,,,,,,,,,,,,,,,✔,
,Wizard Hat,,,10,,,,,,12,,1,,25,,,,,,,5,,,8,8,6,,6,6,6,6,6,6,6,6,,,,,,,,,,,10,,,,,,✔,
,Sallet,,,10,,,,,,14,,3,15,,,,,20,,,4,,,9,7,9,,,,,,,,,,,,,,,,,,,,,,,Parry +1,,,✔,
,Baldur Helm,,,10,,,,,,15,,5,25,,,,,,,,,8,,8,11,11,,,,,,,,,,,,,,,,,,,10,,,,Parry +1,,,✔,
,Enchanter Hat,,,18,,,,,,17,,1,,36,,,,,,,7,,,10,10,7,,8,8,8,8,8,8,8,8,,,,,,,,,,,10,,,,,,✔,
,Burgonet,,,18,,,,,,19,,3,20,,,,,28,,,5,,,11,8,11,,,,,,,,,,,,,,,,,,,,,,,Parry +1,,,✔,
,Damasc Helm,,,18,,,,,,21,,5,36,,,,,,,,,11,,9,12,12,,,,,,,,,,,,,,,,,,,,,,,Parry +1,,,✔,
,Scout Band,,,24,,,,,,7,,1,,,,,,40,,,,8,30,7,5,7,,,,,,,,,,,,,,,,,,,,,,Trajectory,,,Armorcraft,✘,
,Blind Guardian,,,26,,,,,,20,,1,,42,,4,,-10,-10,,8,,,11,11,8,,10,10,10,10,10,10,10,10,,,,10,,10,,,,,10,,,,,Helm Enchiridion,✔,
,Holy Crown,,,26,,,,,,20,,1,,25,,,,25,,,6,9,,11,11,11,,8,8,8,8,8,8,16,,,,,,,,,10,,10,,,Absorb MP,Thanatology +1,,Helm Enchiridion,✔,
,Wyrmscale Helm,,,28,,,,,,26,,5,42,,,,,,,,,13,,11,14,14,,,,,,,,,,,,,,,10,,,,,,,,Parry +1,,Helm Enchiridion,✔,part of dragonslayer set
,Legion Helm ™,,,30,,,,,,28,,5,28,,,,,20,,9,,9,,11,15,15,,,,,,,,,,,,10,,,,,,,,,,Stun Ward,Parry +1,,,✘,part of legion set
,Ogre Helm ™,,,36,,,,,,29,,5,48,,,6,,,,,,14,,12,16,16,,,,,,,,,10,,,10,,,,10,,,,,,Stun Ward,Parry +1,Fearful Impact x2,,✘,part of ogre set
,Skull Mask ™,,,32,,,,,,22,,1,26,,,,,36,,,7,10,,12,12,9,,10,10,10,10,10,10,,20,,,,,10,,,,10,,,,Stun Ward,,Petro Breath x2,,✘,part of shadowmaster set
,Archon Helm ™,,,40,,,,,,30,,5,50,30,,,,24,,,8,10,,12,17,17,,,,,,,,10,,,,,,,,,10,,10,,,Stun Ward,Parry +1,Mindblast x3,,✘,
,BODY ARMOR,,,,,,,,,,,,,,,,,,,,,,,,,,,,,,,,,,,,,,,,,,,,,,,,,,,,
,Robe,,,1,,,,,,13,,4,,14,,,,,,,4,6,,14,14,10,,8,8,8,8,8,8,8,8,,,,,,,,,,,,,,,,,✔,
,Leather Vest,,,1,,,,,,15,,8,10,,,,,,5,,,,,15,12,15,,,,,,,,,,,,,,,,,,,,,,,,,,✔,
,Mail Hauberk,,,4,,,,,,21,,12,18,,,3,,,,,,,,14,19,19,,,,,,,,,,,,,,,,,,,,,,,,,,✔,
,Wizard Robe,,,8,,,,,,22,,4,,24,,,,,,,6,10,,16,16,12,,10,10,10,10,10,10,10,10,,,,,,,,,,,,,,,,,✔,
,Gambeson,,,8,,,,,,24,,8,14,,,,,,14,,,,,18,14,18,,,,,,,,,,,,,,,,,,,,,,,,,,✔,
,Baldur Armor,,,10,,,,,,30,,12,25,,,5,,,,,,,,16,21,21,,,,,,,,,,,,,,,,,,,20,,,,,,,✔,
,Warlock Robe,,,14,,,,,,29,,4,,32,,,,,,,6,12,,18,18,14,,12,12,12,12,12,12,12,12,,,,,,,,,,,,,,,,,✔,
,Plated Vest,,,14,,,,,,33,,8,18,,,,,,20,,,,,21,15,21,,,,,,,,,,,,,,,,,,,,,,,,,,✔,
,Heavy Lorica,,,15,,,,,,38,,12,32,,,6,,,,,,,,17,23,23,,,,,,,,,,,,,,,,,,,,,,,,,,✔,
,Magus Robe,,,20,,,,,,37,,4,,38,,,,,,,8,15,,20,20,15,,14,14,14,14,14,14,14,14,,,,,,,,,,,,,,,,,✔,
,Brigandine,,,20,,,,,,42,,8,24,,,,,,26,,,,,23,17,23,,,,,,,,,,,,,,,,,,,,,,,,,,✔,
,Damasc Armor,,,20,,,,,,46,,12,38,,,8,,,,,,,,19,25,25,,,,,,,,,,,,,,,,,,,,,,,,,,✔,
,Scout Vest,,,24,,,,,,15,,4,,,,,,,40,,,,,15,12,15,,,,,,,,,,,,,,,,,,,,,,Swiftfoot,,,Armorcraft,✘,
,Dynamo Plate,,,26,,,,,,49,,12,25,,8,,,,,,,,,21,28,28,,,,,,,,,,,,,,,,,,,,,,Steadfast,,,Armorcraft,✘,
,Raider Vest,,,26,,,,,,49,,10,40,,,,,,,,,,,28,28,28,,,,,,,,,,,,,,,,,,,,,,,,,Armorcraft,✘,
,Phantom Cloak,,,26,,,,,,40,,4,,,,,,24,30,,,16,,22,22,17,,,,,,,,,,,,10,,10,,10,10,10,10,,,,,,Armorcraft,✔,
,Wyrmscale Armor,,,28,,,,,,52,,12,42,,,9,,,,,,,,21,28,28,,,,,,,,,,,,,,,20,,,,,,,,Draconology +1,,Body Armor Enchiridion,✔,part of dragonslayer set
,Legion Armor ™,,,30,,,,,,54,,12,28,,9,,,,,,,,,22,29,29,,,,,,,,,,,,20,,,,,,,,,,Steadfast,,,,✘,part of legion set
,Tailwind Robes,,,30,,,,,,42,,4,,44,,,,,,,9,18,,23,23,18,,32,,16,16,16,16,16,16,,,,,,,,,,,,,,Augment Air +1,,Body Armor Enchiridion,✘,
,Quicksand Robes,,,30,,,,,,42,,4,,44,,,,,,,9,18,,23,23,18,,,32,16,16,16,16,16,16,,,,,,,,,,,,,,Augment Earth +1,,Body Armor Enchiridion,✘,
,Stormrider Robes,,,30,,,,,,42,,4,,44,,,,,,,9,18,,23,23,18,,16,16,32,,16,16,16,16,,,,,,,,,,,,,,Augment Lightning +1,,Body Armor Enchiridion,✘,
,Estuary Robes,,,30,,,,,,42,,4,,44,,,,,,,9,18,,23,23,18,,16,16,,32,16,16,16,16,,,,,,,,,,,,,,Augment Water +1,,Body Armor Enchiridion,✘,
,Infernal Robes,,,30,,,,,,42,,4,,44,,,,,,,9,18,,23,23,18,,16,16,16,16,32,,16,16,,,,,,,,,,,,,,Augment Fire +1,,Body Armor Enchiridion,✘,
,Blizzard Robes,,,30,,,,,,42,,4,,44,,,,,,,9,18,,23,23,18,,16,16,16,16,,32,16,16,,,,,,,,,,,,,,Augment Ice +1,,Body Armor Enchiridion,✘,
,Radiant Robes,,,30,,,,,,42,,4,,44,,,,,,,9,18,,23,23,18,,16,16,16,16,16,16,32,,,,,,,,,,,,,,,Augment Light +1,,Body Armor Enchiridion,✘,
,Fuligin Robes,,,30,,,,,,42,,4,,44,,,,,,,9,18,,23,23,18,,16,16,16,16,16,16,,32,,,,,,,,,,,,,,Augment Darkness +1,,Body Armor Enchiridion,✘,
,Falcon Feathercoat,,,30,,,,,,48,,8,28,,,,,,36,,,,,26,20,26,,16,,8,8,8,8,8,8,,,,,,,,,,,,,,,,Body Armor Enchiridion,✘,
,Nathalork Rockcoat,,,30,,,,,,48,,8,28,,,,,,36,,,,,26,20,26,,,16,8,8,8,8,8,8,,,,,,,,,,,,,,,,Body Armor Enchiridion,✘,
,Viraat's Thundercoat,,,30,,,,,,48,,8,28,,,,,,36,,,,,26,20,26,,8,8,16,,8,8,8,8,,,,,,,,,,,,,,,,Body Armor Enchiridion,✘,
,Whale Whiskercoat,,,30,,,,,,48,,8,28,,,,,,36,,,,,26,20,26,,8,8,,16,8,8,8,8,,,,,,,,,,,,,,,,Body Armor Enchiridion,✘,
,Phoenix Flamecoat,,,30,,,,,,48,,8,28,,,,,,36,,,,,26,20,26,,8,8,8,8,16,,8,8,,,,,,,,,,,,,,,,Body Armor Enchiridion,✘,
,Vikrant Icecoat,,,30,,,,,,48,,8,28,,,,,,36,,,,,26,20,26,,8,8,8,8,,16,8,8,,,,,,,,,,,,,,,,Body Armor Enchiridion,✘,
,Aganista Lightcoat,,,30,,,,,,48,,8,28,,,,,,36,,,,,26,20,26,,8,8,8,8,8,8,16,,,,,,,,,,,,,,,,,Body Armor Enchiridion,✘,
,Ji'ygla's Darkcoat ™,,,30,,,,,,48,,8,28,,,,,,36,,,,,26,20,26,,8,8,8,8,8,8,,16,,,,,,,,,,,,,,,,,✘,part of ji'ygla set
,Falcon Mail,,,34,,,,,,56,,12,48,,,10,,,,,,,,23,31,31,,24,,12,12,12,12,12,12,,,,,,,,,,,,,,,,Body Armor Enchiridion,✘,
,Nathalork Mail,,,34,,,,,,56,,12,48,,,10,,,,,,,,23,31,31,,,24,12,12,12,12,12,12,,,,,,,,,,,,,,,,Body Armor Enchiridion,✘,
,Viraat's Mail,,,34,,,,,,56,,12,48,,,10,,,,,,,,23,31,31,,12,12,24,,12,12,12,12,,,,,,,,,,,,,,,,Body Armor Enchiridion,✘,
,Ur-Whale Mail,,,34,,,,,,56,,12,48,,,10,,,,,,,,23,31,31,,12,12,,24,12,12,12,12,,,,,,,,,,,,,,,,Body Armor Enchiridion,✘,
,Phoenix Mail,,,34,,,,,,56,,12,48,,,10,,,,,,,,23,31,31,,12,12,12,12,24,,12,12,,,,,,,,,,,,,,,,Body Armor Enchiridion,✘,
,Vikrant Mail,,,34,,,,,,56,,12,48,,,10,,,,,,,,23,31,31,,12,12,12,12,,24,12,12,,,,,,,,,,,,,,,,Body Armor Enchiridion,✘,
,Titania Mail,,,34,,,,,,56,,12,48,,,10,,,,,,,,23,31,31,,12,12,12,12,12,12,24,,,,,,,,,,,,,,,,,Body Armor Enchiridion,✘,
,Thanatos Armor ™,,,34,,,,,,56,,12,48,,,10,,,,,,,,23,31,31,,12,12,12,12,12,12,,24,,,,,,,,,,,,,,,,,✘,part of shadowmaster set
,Garb of the Sages,,,40,,,,,,48,,4,,50,,,,,,,10,20,,30,30,22,,20,20,20,20,20,20,20,20,,,,,,,,20,,,,,Silence Ward,Daemonology +1,Protection x1,,✘,
,Ogre Armor ™,,,36,,,,,,60,,12,30,,10,,,,,,,,,24,31,31,,,,,,,,,40,,,20,,,,20,,,,,,Steadfast,Augment Darkness +1,Breed Suspicion x1,,✘,part of ogre set
,Alluring Dress ™,,,38,,,,,,50,,4,,,,,,,40,,,20,,29,22,29,,,,,,,,,,,,10,10,10,10,10,10,10,10,10,,Charm Ward,,Charm x2,,✘,
,GLOVES,,,,,,,,,,,,,,,,,,,,,,,,,,,,,,,,,,,,,,,,,,,,,,,,,,,,
,Leather Gloves,,,1,,,,,2,2,,1,,,2,,2,,,4,,,,2,2,2,,,,,,,,,,,,,,,,,,,,,,,,,,✘,
,Gauntlets,,,4,,,,,5,3,,4,8,,5,,,,,,,,,2,3,3,,,,,,,,,,,,,,,,,,,,,,,,,,✔,
,Mage Gloves,,,8,,,,,4,3,,1,,,3,,3,,,5,,,,2,2,2,,,,,,,,,,,,,,,,,,,,,,,,,,✘,
,Nomad Bracers,,,8,,,,,5,4,,2,,,,,7,,,,,,11,3,2,3,,,,,,,,,,,,,,,,,,,,,,,Overpower +1,,,✔,
,Baldur Gauntlets,,,10,,,,,8,5,,4,10,,8,,,,,,,,,2,3,3,,,,,,,,,,,,,,,,,,,10,,,,Overpower +1,,,✔,
,Cultist Gloves,,,14,,,,,5,4,,1,,,4,,4,,,7,,,,3,3,2,,,,,,,,,,,,,,,,,,,,,,,,,,✘,
,Vagrant Sleeves,,,14,,,,,7,5,,2,,,,,10,,,,,,15,3,2,3,,,,,,,,,,,,,,,,,,,,,,,Overpower +1,,,✔,
,Overguards,,,15,,,,,10,6,,4,13,,10,,,,,,,,,3,3,3,,,,,,,,,,,,,,,,,,,,,,,Overpower +1,,,✔,
,Arcane Gloves,,,20,,,,,7,5,,1,,,5,,5,,,9,,,,3,3,2,,,,,,,,,,,,,,,,,,,,,,,,,,✘,
,Scale Armguards,,,20,,,,,9,6,,2,,,,,12,,,,,,18,3,3,3,,,,,,,,,,,,,,,,,,,,,,,Overpower +1,,,✔,
,Damasc Gauntlets,,,20,,,,,12,7,,4,15,,12,,,,,,,,,3,4,4,,,,,,,,,,,,,,,,,,,,,,,Overpower +1,,,✔,
,Scout Gloves,,,24,,,,,5,2,,1,,,,,12,,,,,,30,2,2,2,,,,,,,,,,,,,,,,,,,,,,Opportunist,Steal +1,,Armorcraft,✘,
,Bracer Hook,,,24,,,,,10,7,,4,16,,7,3,,,,,,,,3,4,4,,,,,,,,,,,,,,,,,,,,,,,,Escalade x3,Armguard Enchiridion,✘,
,Snake Charmers,,,25,,,,,10,7,,2,,,,,8,14,8,,,,,4,3,4,,,,,,,,,,,,,,10,,,,,,,,Poison Ward,Herpetology +1,Envenom x3,Armguard Enchiridion,✘,
,Arkhiatros Mitts,,,26,,,,,8,6,,1,,,,,13,,,,5,,,3,3,2,,,,,,,,,,,,,,,,,,,10,,,,Thanatology +1,Tabula Rasa x2,Armorcraft,✘,
,Sage's Mitts,,,26,,,,,,6,,1,,,,,,,,13,5,,,3,3,2,,,,,,,,,,,,,,,,,,,,10,,,,Spellcraft x2,Armorcraft,✘,
,Wyrmscale Sleeves,,,28,,,,,13,8,,4,17,,13,,,,,,,,,3,4,4,,,,,,,,,,,,,,,10,,,,,,,,Overpower +2,,Armguard Enchiridion,✔,part of dragonslayer set
,Legion Guards ™,,,30,,,,,13,8,,4,,,13,,5,,,,5,,,3,4,4,,,,,,,,,,,,10,,,,,,,,,,,Overpower +2,,,✘,part of legion set
,Ji'ygla's Bracers ™,,,30,,,,,11,7,,2,,,8,,8,,,,,,14,4,3,4,,,,,,,,,10,,,,,,,10,,,,,,,Overpower +2,Bridle x2,,✘,part of ji'ygla set
,Thunderfists,,,32,,,,,14,9,,4,18,,14,,,16,,,,,,3,4,4,,,,10,,,,,,,,,,,,,,,,,,,Overpower +2,Galvanize x3,,✘,
,Hellforge Mitts,,,34,,,,,14,10,,5,20,,15,,,-15,,6,,,,4,5,5,,,,,,10,,,,,,,,,,,,,,,,,Overpower +2,Enrage x3,,✘,
,Luminant Guards,,,36,,,,,11,8,,3,,,,,9,,,9,,,15,4,3,4,,,,,,,,10,,,,,,,,,,,,,,,Overpower +2,Dispel x2,,✘,
,Shaper's Touch,,,38,,,,,15,8,,3,,,9,,9,,,,,,,4,3,4,,,,,,,,,,,,,,,,,,,,,,,Overpower +2,,Secrets of the Master,✘,
,Snipe Bracers ™,,,40,,,,,12,8,,2,,,,,15,20,,,,,40,4,3,4,,,,,,,,,,,,10,,,,,,,,,,,,Benumb x2,,✘,
,LEGGUARDS,,,,,,,,,,,,,,,,,,,,,,,,,,,,,,,,,,,,,,,,,,,,,,,,,,,,
,Linen Slops,,,1,,,,,,6,,1,,,,,,,4,,,2,,7,7,5,,,,,,,,,,,,,,,,,,,,,,,,,,✔,
,Mail Chausses,,,4,,,,,,10,,5,16,,,2,,,,,,,,7,9,9,,,,,,,,,,,,,,,,,,,,,,,,,,✔,
,Padded Leggings,,,10,,,,,,12,,1,,,,,,,10,,,5,,8,8,6,,,,,,,,,,,,,,,,,,,,,,,,,,✔,
,Baldur Greaves,,,10,,,,,,15,,5,25,,,3,,,,,,,,8,11,11,,,,,,,,,,,,,,,,,,,10,,,,Deflect +1,,,✔,
,Shagreen Boots,,,18,,,,,,17,,1,,,,,,,14,,,6,,10,10,7,,8,8,8,8,8,8,8,8,,,,,,,,,,,,,,,,,✔,
,Scale Leggings,,,18,,,,,,19,,3,21,,,,,,24,,,,,11,8,11,,,,,,,,,,,,,,,,,,,,,,,Deflect +1,,,✔,
,Damasc Greaves,,,18,,,,,,21,,5,36,,,4,,,,,,,,9,12,12,,,,,,,,,,,,,,,,,,,,,,,Deflect +1,,,✔,
,Scout Leggings,,,24,,,,,,6,,1,,,,,,,40,,,,,8,6,8,,,,,,,,,,,,,,,,,,,,,,Jump I,,,Armorcraft,✔,
,Armored Hakama,,,25,,,,,,22,,3,,,,,,14,30,,,,,14,14,10,,,,,,,,,,,,10,,10,,10,10,10,10,,,,Deflect +1,,Legguard Enchiridion,✘,
,Wyrmscale Greaves,,,28,,,,,,26,,5,43,,,5,,,,,,,,11,14,14,,,,,,,,,,,,,,,10,,,,,,,,Deflect +1,,Legguard Enchiridion,✔,part of dragonslayer set
,Arkhiatros Trousers,,,26,,,,,,20,,1,25,,,4,,,18,,,,,11,11,8,,,,,,,,10,,,,10,10,10,10,10,10,10,10,10,,Stop Ward,,,Armorcraft,✔,
,Mage Trousers,,,26,,,,,,20,,1,25,,,,,,18,,,8,,11,11,8,,10,10,10,10,10,10,10,10,,,,,,,,,,,10,,Slow Ward,,,Armorcraft,✔,
,Cloud Shoes,,,16,,,,,,14,,1,,,,,6,,22,,,,,9,9,7,,,,,,,,10,,,,,,,,,10,,,,,,,Uplift x3,Legguard Enchiridion,✘,
,Winged Boots ™,,,24,,,,,,18,,1,,,,,,,28,,,,,11,11,8,,10,,,,,,,,,,,10,,,,,,,,,,,Fly x2,,✘,
,Sidhe Shoes ™,,,20,,,,,,16,,1,,,,,,,25,,,,,10,10,8,,,,,,,,,10,,,,,,,10,,,,,,,,Warp x2,,✘,
,Sparkguard Boots,,,12,,,,,,12,,1,,,5,,,,18,,,,,9,9,7,,,,,,10,,,,,,,,,10,,,,,,,,,Enkindle x3,Legguard Enchiridion,✘,
,Greased Boots,,,6,,,,,,10,,1,,,,3,,,12,,,,,8,8,6,,,,,10,,,,,,,,,10,,,,,,,,,,Amphibia x3,Legguard Enchiridion,✘,
,Worldtree Roots ™,,,28,,,,,,23,,3,26,,,,,,32,,,,,13,10,13,,,10,,,,,,,,,,,,,,,,,,,Steadfast,Deflect +1,Tremor Dance x2,,✘,
,Tidal Waders ™,,,30,,,,,,24,,3,27,,,,,,34,,,,,13,10,13,,,,,10,,,,,,,,,,,,,,,,,Wade,Deflect +1,Harvest Dance x2,,✘,
,Hoarfrost Trails ™,,,34,,,,,,28,,5,48,,,6,,,14,,,,,12,15,15,,,,,,,10,,,,,,,,,,,,,,,Stop Ward,Deflect +1,Solidify x3,,✘,
,Shadow Tramplers ™,,,36,,,,,,30,,5,50,,,7,,,15,,,,,12,16,16,,,,,,,,,10,,,,,,,,,,,,,Fear Ward,Deflect +1,Momentum x2,,✘,part of shadowmaster set
,Alluring Highboots ™,,,38,,,,,,23,,1,,,,,,,40,,,15,,15,15,11,,,,,,,,,,,,5,5,5,5,5,5,5,5,5,,Sleep Ward,,,,✘,
,Snipe Gators ™,,,40,,,,,,27,,3,,,,,,20,50,,,,30,15,11,15,,,,,,,,,,,,10,,,,,,,,,,Slow Ward,,Escalade x2,,✘,
,JEWELRY,,,,,,,,,,,,,,,,,,,,,,,,,,,,,,,,,,,,,,,,,,,,,,,,,,,,
,Crimson Necklace ™,,,1,,,,,,8,,1,,20,,,,,,5,5,5,10,,,,,5,5,5,5,5,5,5,5,,,,,,,,,,,,,Silence Ward,,,,✘,catiua only
,Azure Necklace ™,,,1,,,,,10,,,1,20,,5,5,5,,,,,,10,,,,,,,,,,,,,,,5,5,5,5,5,5,5,5,5,,Stun Ward,,,,✘,male only
,Warrior's Ring,,,1,,,,,10,,,1,,,,,,,,,,,,,,,,,,,,,,,,,,,,,,,,,,,,,,,,✔,
,Warrior's Band,,,16,,,,,20,,,1,,,,,,,,,,,,,,,,,,,,,,,,,,,,,,,,,,,,,,,Jewelry I,✘,
,Defender's Ring,,,1,,,,,,8,,1,,,,,,,,,,,,,,,,,,,,,,,,,,,,,,,,,,,,,,,,✔,
,Defender's Band,,,16,,,,,,16,,1,,,,,,,,,,,,,,,,,,,,,,,,,,,,,,,,,,,,,,,Jewelry I,✘,"For jewelry, racial and elemental resistances double as damage bonus versus the target race or to the associated element. 
The elemental damage bonus is shown on the character screen when using a weapon of the matching element. Racial bonus, however, isn't shown because the game can't know in advance which race your next target will belong to."
,Ring of Might,,,8,,,,,5,,,1,,,10,,,,,,,,,,,,,,,,,,,,,,,,,,,,,,,,,,,,Jewelry I,✔,
,Seal of Might,,,24,,,,,10,,,1,,,20,,,,,,,,,,,,,,,,,,,,,,,,,,,,,,,,,,,,Jewelry II,✘,
,Ring of Vigor,,,8,,,,,,4,,1,,,,10,,,,,,,,,,,,,,,,,,,,,,,,,,,,,,,,,,,Jewelry I,✔,
,Seal of Vigor,,,24,,,,,,8,,1,,,,20,,,,,,,,,,,,,,,,,,,,,,,,,,,,,,,,,,,Jewelry II,✘,
,Ring of Finesse,,,8,,,,,5,,,1,,,,,10,,,,,,,,,,,,,,,,,,,,,,,,,,,,,,,,,,Jewelry I,✔,
,Seal of Finesse,,,24,,,,,10,,,1,,,,,20,,,,,,,,,,,,,,,,,,,,,,,,,,,,,,,,,,Jewelry II,✘,
,Ring of Alacrity,,,8,,,,,5,,,1,,,,,,20,,,,,,,,,,,,,,,,,,,,,,,,,,,,,,,,,Jewelry I,✔,
,Seal of Alacrity,,,24,,,,,10,,,1,,,,,,40,,,,,,,,,,,,,,,,,,,,,,,,,,,,,,,,,Jewelry II,✘,
,Ring of Evasion,,,8,,,,,,4,,1,,,,,,,20,,,,,,,,,,,,,,,,,,,,,,,,,,,,,,,,Jewelry I,✔,
,Seal of Evasion,,,24,,,,,,8,,1,,,,,,,40,,,,,,,,,,,,,,,,,,,,,,,,,,,,,,,,Jewelry II,✘,
,Ring of Intellect,,,8,,,,,5,,,1,,,,,,,,10,,,,,,,,,,,,,,,,,,,,,,,,,,,,,,,Jewelry I,✔,
,Seal of Intellect,,,24,,,,,10,,,1,,,,,,,,20,,,,,,,,,,,,,,,,,,,,,,,,,,,,,,,Jewelry II,✘,
,Ring of Wisdom,,,8,,,,,,4,,1,,,,,,,,,10,,,,,,,,,,,,,,,,,,,,,,,,,,,,,,Jewelry I,✔,
,Seal of Wisdom,,,24,,,,,,8,,1,,,,,,,,,20,,,,,,,,,,,,,,,,,,,,,,,,,,,,,,Jewelry II,✘,
,Ring of Wards,,,8,,,,,,4,,1,,,,,,,,,,10,,,,,,,,,,,,,,,,,,,,,,,,,,,,,Jewelry I,✔,
,Seal of Wards,,,24,,,,,,8,,1,,,,,,,,,,20,,,,,,,,,,,,,,,,,,,,,,,,,,,,,Jewelry II,✘,
,Ring of Fortune,,,8,,,,,5,4,,1,,,,,,,,,,,20,,,,,,,,,,,,,,,,,,,,,,,,,,,,Jewelry I,✔,
,Seal of Fortune,,,24,,,,,10,8,,1,,,,,,,,,,,40,,,,,,,,,,,,,,,,,,,,,,,,,,,,Jewelry II,✘,
,Wolf's Earring,,,32,,,,,5,4,,1,40,,10,10,,,,,,,,10,10,10,,,,,,,,,,,,,,,,,,,,,,,,,Jewelry Enchiridion,✘,
,Cat's Earring,,,32,,,,,5,4,,1,40,,,,10,20,20,,,,,,,,,,,,,,,,,,,,,,,,,,,,,,,,Jewelry Enchiridion,✘,
,Gale Choker,,,28,,,,,5,4,,1,,40,,,,,,,,,,,,,,20,,,,,,,,,,,,,,,,,,,,,Augment Air +1,,Jewelry Enchiridion,✘,
,Dust Choker,,,28,,,,,5,4,,1,,40,,,,,,,,,,,,,,,20,,,,,,,,,,,,,,,,,,,,Augment Earth +1,,Jewelry Enchiridion,✘,
,Storm Choker,,,28,,,,,5,4,,1,,40,,,,,,,,,,,,,,,,20,,,,,,,,,,,,,,,,,,,Augment Lightning +1,,Jewelry Enchiridion,✘,
,Cataract Choker,,,28,,,,,5,4,,1,,40,,,,,,,,,,,,,,,,,20,,,,,,,,,,,,,,,,,,Augment Water +1,,Jewelry Enchiridion,✘,
,Firewyrm Choker,,,28,,,,,5,4,,1,,40,,,,,,,,,,,,,,,,,,20,,,,,,,,,,,,,,,,,Augment Fire +1,,Jewelry Enchiridion,✘,
,Glacial Choker,,,28,,,,,5,4,,1,,40,,,,,,,,,,,,,,,,,,,20,,,,,,,,,,,,,,,,Augment Ice +1,,Jewelry Enchiridion,✘,
,Hallowed Choker,,,28,,,,,5,4,,1,,40,,,,,,,,,,,,,,,,,,,,20,,,,,,,,,,,,,,,Augment Light +1,,Jewelry Enchiridion,✘,
,Cursed Choker,,,28,,,,,5,4,,1,,40,,,,,,,,,,,,,,,,,,,,,20,,,,,,,,,,,,,,Augment Darkness +1,,Jewelry Enchiridion,✘,
,Void Ring,,,20,,,,,,,,-15,,,,,,,,,,,,,,,,,,,,,,,,,,,,,,,,,,,,,,,Jewelry Enchiridion,✘,
,Cloud Ring ™,,,24,,,,,10,8,,1,20,20,,,10,20,,,,,,,,,,5,,5,,,,,,,,,,,,,,,,,,Lead Ward,,Uplift x3,,✘,
,Angel Ring ™,,,28,,,,,,8,,1,,20,,,,,,,,10,,,,,,,,,,,,5,,,,,,,,,,,,,,,,Fly x2,,✘,
,Sidhe Ring ™,,,28,,,,,,8,,1,,20,,,,,20,,,,,,,,,,,,,,,,5,,,,,,,,,,,,,,,Warp x2,,✘,
,Inferno Ring ™,,,24,,,,,10,8,,1,20,20,10,,,,,10,,,,,,,,,5,,,5,,,,,,,,,,,,,,,,Sleep Ward,,Enkindle x3,,✘,
,Kraken Ring ™,,,24,,,,,10,8,,1,20,20,,10,,,,,10,,,,,,,,,,5,,5,,,,,,,,,,,,,,,Slow Ward,,Amphibia x3,,✘,
,Reaver Ring ™,,,24,,,,,10,8,,1,20,20,,,10,20,20,,,,20,,,,,,,,,,,,,,,,,,,,,,,,,Stop Ward,Steal +3,Speedstar x1,,✘,
,Crest of Fire ™,,,32,,,,,10,8,,-10,40,40,10,10,10,20,20,10,10,10,20,5,5,5,,10,10,10,10,10,10,10,10,,,5,5,5,5,5,5,5,5,5,,Full Ward,,,,✘, 
