,,,,,,,,,,,,,,,,,,,,,,,,,,,,,,,,,,,,,,,,,,,,,
,,Range,"Attack Type",Level,Form,"1h 2h","Damage Type and Bonus",,ATK,"RT cost",Wgt,HP,MP,STR,VIT,DEX,AGI,AVD,INT,MND,RES,LCK,Ele,"Racial Dmg Bonus",,"Effect on Hit",Passive Effect,Skill Bonus,Effect on Use,Crafted With,"Random Drop",Notes,,,,,,,,,,,,,
,,,,,,,,,,,,,,,,,,,,,,,,,,,,,,,,,,,,,,,,,,,,,
,FISTS,,,,,,,,,,,,,,,,,,,,,,,,,,,,,,,,,Finishing Move,Rank,Element,Target,Range,Area,Hits,TP,RT,TP Scaling,Effect,
,Leather Caestus,1,direct,1,dex,1,crush,3%,32,8,3,,,,,,,3,,,,,,,,50% Poison,,,,,✔,,,Blazing Grasp,2,Fire,Single,2 - 3,1,1,100+,10,Accuracy,Bind,
,Bronze Knuckles,1,direct,4,dex,1,slash,3%,39,8,3,,,,,,,4,,,,,,,,50% Poison,,,,,✔,,,Omnistrike,4,Lightning,Single,1,1,2,100+,10,Accuracy,-,
,Iron Claws,1,direct,7,dex,1,slash,4%,48,8,3,,,,,,,6,,,,,,,,50% Poison,,,,,✔,,,Howling Rage,6,Earth,Self,-,2,1,100+,10,Damage,-,
,Baldur Claws,1,direct,10,dex,1,slash,4%,57,8,3,,,,,,,7,,,,,,† undead,20%,50% Poison,,,,,✔,,,Vendetta,8,Dark,Single,1 - 2,1,1,100+,10,Damage,Frighten,
,Silver Talons,1,direct,10,dex,1,slash,4%,57,8,3,,,,,,,,,,7,,,† undead,20%,MP Dmg 30,,,,Melee Combat I,✘,,,,,,,,,,,,,,
,Cat Claws,1,direct,13,dex,1,slash,4%,66,8,3,,,,,,,9,,,,,,,,50% Poison,,,,,✔,,,,,,,,,,,,,,
,Beast Claws,1,direct,13,dex,1,slash,4%,66,8,3,,,,,,,,,,9,,,,,MP Dmg 30,,,,Melee Combat I,✘,,,,,,,,,,,,,,
,Katar,1,direct,16,dex,1,pierce,4%,75,8,3,,,,,,,10,,,,,,,,50% Poison,,,,,✔,,,,,,,,,,,,,,
,Jamadhar,1,direct,16,dex,1,pierce,4%,75,8,3,,,,,,,,,,10,,,,,MP Dmg 30,,,,Melee Combat II,✘,,,,,,,,,,,,,,
,Bagh Nakh,1,direct,19,dex,1,slash,5%,84,8,3,,,,,,,12,,,,,,,,50% Poison,,,,,✔,,,,,,,,,,,,,,
,Razor Bagh Nakh,1,direct,19,dex,1,slash,5%,84,8,3,,,,,,,,,,11,,,,,MP Dmg 30,,,,Melee Combat II,✘,,,,,,,,,,,,,,
,Damasc Claws,1,direct,22,dex,1,slash,5%,93,8,3,,,,,,,13,,,,,,,,50% Poison,,,,,✔,,,,,,,,,,,,,,
,Crucible Talons,1,direct,22,dex,1,slash,5%,93,8,3,,,,,,,,,,12,,,,,MP Dmg 30,,,,Melee Combat II,✘,,,,,,,,,,,,,,
,Al Dhih,1,direct,24,dex,1,slash,5%,95,8,3,,,,,,,14,,,,,Dr,divine,20%,50% Envenom,,,,The Fist,✔,,,,,,,,,,,,,,
,Makoto,1,direct,25,dex,1,slash,5%,97,8,3,,,,,,,14,,,,,Di,undead,20%,50% Envenom,,,,The Fist,✔,,,,,,,,,,,,,,
,Kang Admi,1,direct,26,dex,1,crush,5%,98,8,3,,,,,,,,,,13,,Ic,beast,20%,MP Dmg 40,,,,The Fist,✔,,,,,,,,,,,,,,
,Saurian,1,direct,27,dex,1,slash,5%,99,8,3,,,,,,,,,,13,,Ea,reptile,20%,MP Dmg 40,,,,The Fist,✔,,,,,,,,,,,,,,
,Azhi Dahaka,1,direct,28,dex,1,slash,5%,100,8,3,,,,,,,16,,,,,Fi,dragon,20%,50% Envenom,,,,Fist Enchiridion,✘,,,,,,,,,,,,,,
,Hatyaara,1,direct,29,dex,1,pierce,5%,102,8,3,,,,,,,16,,,,,Wt,human,20%,50% Envenom,,,,Fist Enchiridion,✘,,,,,,,,,,,,,,
,Vishnu's Katara,1,direct,30,dex,1,pierce,5%,103,8,3,,,,,,,,,,13,,Ai,umbra,20%,MP Dmg 40,,,,Fist Enchiridion,✘,,,,,,,,,,,,,,
,Nue Bristles,1,direct,31,dex,1,slash,5%,104,8,3,,,,,,,17,,,,,Lg,beast,20%,50% Envenom,,,,Fist Enchiridion,✘,,,,,,,,,,,,,,
,Kerberos Fangs,1,direct,32,dex,1,slash,5%,106,8,3,,,,,,,,,,14,,Dr,divine,20%,MP Dmg 40,,,,Fist Enchiridion,✘,,,,,,,,,,,,,,
,Trueno's Scales ™,1,direct,32,dex,1,slash,5%,106,8,3,,,,,,,,5,,14,,Lg,dragon,20%,MP Dmg 40,Slow Ward,,Thunder Breath x2,,✘,,,,,,,,,,,,,,
,Sekhem,1,direct,32,str,1,crush,5%,106,8,10,,,,,,,24,,,,,,,,25% Stun,Reflect Damage,Parry +1,,,✘,,,,,,,,,,,,,,
,Vaisravana,1,direct,36,dex,1,slash,6%,111,8,3,,,,,,,19,5,,,,Ic,reptile,20%,50% Envenom,Stop Ward,,Icy Resonance x2,,✘,,,,,,,,,,,,,,
,Jarnglofar,1,direct,36,dex,2,crush,12%,144,12,5,,,12,,,,19,,,,,Ea,golem,20%,Knockback,,Golemy +2,,Secrets of the Master,✘,,,,,,,,,,,,,,
,Vainateya's Talons,1,direct,38,dex,1,slash,6%,113,8,3,,,,,,,19,5,,,,Ai,umbra,20%,50% Envenom,Sleep Ward,,Liftoff x2,,✘,,,,,,,,,,,,,,
,Argetlahm,1,direct,40,dex,1,crush,6%,116,8,3,,,,,,,,5,,15,,Di,undead,20%,MP Dmg 40,Stun Ward,,Seal Evil x2,,✘,,,,,,,,,,,,,,
,DAGGERS,,,,,,,,,,,,,,,,,,,,,,,,,,,,,,,,,Finishing Move,Rank,Element,Target,Range,Area,Hits,TP,RT,TP Scale,Effect,
,Shank,1,direct,1,dex,1,pierce,2%,31,4,2,,,,,,5,,,,,,,,,15% Bind,,,,,✔,,,Heartbreaker,2,Air,Single,2 - 3,1,1,100+,10,Accuracy,MP Reset/Drain,
,Kard,1,direct,4,dex,1,pierce,2%,37,4,2,,,,,,7,,,,,,,,,15% Bind,,,,,✔,,,Mesmerize,4,Dark,Single,1,1,1,100+,10,Damage,Charm,
,Dirk,1,direct,7,dex,1,pierce,2%,46,4,2,,,,,,8,,,,,,,,,15% Bind,,,,,✔,,,Twin Fangs,6,Lightning,Single,1,1,2,100+,10,Accuracy,-,
,Baldur Dagger,1,direct,10,dex,1,pierce,3%,54,4,2,,,,,,10,,,,,,,† undead,20%,15% Bind,,,,,✔,,,Overload,8,Fire,Area,2 - 4,2,1,100+,10,Accuracy,-,
,Silver Point,1,direct,10,dex,1,pierce,3%,54,4,2,,,,,,,,,7,,,,† undead,20%,,,,Spellstrike x2,Melee Combat I,✘,,,Hamstring,1,,Single,1,1,-,50,5,-,Bind,Archer only
,Kris,1,direct,13,dex,1,pierce,3%,63,4,2,,,,,,11,,,,,,,,,15% Bind,,,,,✔,,,,,,,,,,,,,,
,Sundang,1,direct,13,dex,1,pierce,3%,63,4,2,,,,,,,,,9,,,,,,,,,Spellstrike x2,Melee Combat I,✘,,,,,,,,,,,,,,
,Barong Knife,1,direct,16,dex,1,slash,3%,71,4,2,,,,,,13,,,,,,,,,15% Bind,,,,,✔,,,,,,,,,,,,,,
,Batangas,1,direct,16,dex,1,slash,3%,71,4,2,,,,,,,,,10,,,,,,,,,Spellstrike x2,Melee Combat I,✘,,,,,,,,,,,,,,
,Jambiya,1,direct,19,dex,1,pierce,3%,80,4,2,,,,,,14,,,,,,,,,15% Bind,,,,,✔,,,,,,,,,,,,,,
,Khanjar,1,direct,19,dex,1,pierce,3%,80,4,2,,,,,,,,,11,,,,,,,,,Spellstrike x2,Melee Combat II,✘,,,,,,,,,,,,,,
,Damasc Dagger,1,direct,22,dex,1,pierce,3%,89,4,2,,,,,,16,,,,,,,,,15% Bind,,,,,✔,,,,,,,,,,,,,,
,Crucible Spike,1,direct,22,dex,1,pierce,3%,89,4,2,,,,,,,,,12,,,,,,,,,Spellstrike x2,Melee Combat II,✘,,,,,,,,,,,,,,
,Caldia,1,direct,22,dex,1,slash,3%,75,8,2,,,,,,,,8,8,,,Di,,,40% Charm,Charm Ward,,Charm x1,Melee Combat II,✔,female only,,,,,,,,,,,,,
,Kotetsu,1,direct,22,dex,1,slash,3%,75,8,2,,,,,,,,8,8,,,Dr,,,40% Sleep,Sleep Ward,,Slow x1,Melee Combat II,✔,male only,,,,,,,,,,,,,
,Darktongue,1,direct,24,dex,1,pierce,3%,91,4,2,,,,,,,,,12,,,Dr,reptile,20%,,,,Spellstrike x2,The Blade,✔,,,,,,,,,,,,,,
,Chidori,1,direct,25,dex,1,pierce,3%,92,4,2,,,,,,17,,,,,,Lg,beast,20%,15% Bind,,,,The Blade,✔,,,,,,,,,,,,,,
,Scarlet Fury,1,direct,26,dex,1,pierce,3%,93,4,2,,,,,,17,,,,,,Fi,human,20%,15% Bind,,,,The Blade,✔,,,,,,,,,,,,,,
,Aura's Dagger,1,direct,27,dex,1,pierce,3%,95,4,2,,,,,,,,,13,,,Ai,dragon,20%,,,,Spellstrike x2,The Blade,✔,,,,,,,,,,,,,,
,Carnwennan,1,direct,29,dex,1,pierce,3%,97,4,2,,,,,,18,,,,,,Di,undead,20%,15% Bind,,,,Dagger Enchiridion,✘,,,,,,,,,,,,,,
,Dew Point,1,direct,30,dex,1,pierce,4%,98,4,2,,,,,,,,,13,,,Wt,faerie,20%,,,,Spellstrike x2,Dagger Enchiridion,✘,,,,,,,,,,,,,,
,Tinkledeath,1,direct,31,dex,1,pierce,4%,100,4,2,,,,,,18,,,,,,Ic,golem,20%,15% Bind,,,,Dagger Enchiridion,✘,,,,,,,,,,,,,,
,Setan Kober,1,direct,32,dex,1,pierce,4%,101,4,2,,,,,,18,,,,,,Ea,divine,20%,15% Bind,,,,Dagger Enchiridion,✘,,,,,,,,,,,,,,
,Xolotl's Canine,1,direct,34,dex,1,pierce,4%,103,4,2,,,,,,,,,14,,,Lg,reptile,20%,,,Augment Lightning +1,Blitz II x1,,✘,,,,,,,,,,,,,,
,Yama,1,direct,36,dex,1,pierce,4%,106,4,2,,,,,,,,,14,,,Fi,umbra,20%,,Stop Ward,Augment Fire +1,Supernova x1,,✘,,,,,,,,,,,,,,
,Windbreaker,1,direct,38,dex,1,pierce,4%,108,4,2,,,,,,20,,5,,,,Ai,beast,20%,15% Bind,,,Blade Focus x2,,✘,,,,,,,,,,,,,,
,Mordred's Song,1,direct,40,dex,1,pierce,4%,111,4,2,,,,,,20,,5,,,,Dr,human,20%,15% Bind,Charm Ward,,Lament Of The Dead x2,,✘,,,,,,,,,,,,,,
,1H SWORDS,,,,,,,,,,,,,,,,,,,,,,,,,,,,,,,,,Finishing Move,Rank,Element,Target,Range,Area,Hits,TP,RT,TP Scale,Effect,
,Short Sword,1,direct,1,str,1,slash,12%,36,12,6,,,,,,10,,,,,,,,,40% Stagger,,,,,✔,,,Rushing Gale,2,Air,Single,1,1,2,100+,15,Accuracy,-,
,Gladius,1,direct,4,str,1,slash,13%,44,12,6,,,,,,13,,,,,,,,,40% Stagger,,,,,✔,,,Bad Blood,4,Water,Area,1,2,1,100+,15,Damage,Envenom,
,Rapier,1,direct,7,str,1,pierce,14%,54,12,6,,,,,,17,,,,,,,,,40% Stagger,,,,,✔,,,Sakura Demon,6,Ice,Self,-,2,1,100+,15,Accuracy,Sleep,
,Baldur Sword,1,direct,10,str,1,slash,15%,65,12,6,,,,,,20,,,,,,,† undead,20%,40% Stagger,,,,,✔,,,Papillon Reel,8,Divine,Single,2 - 4,1,1,100+,15,Accuracy,Stop,
,Silver Brand,1,direct,10,str,2,slash,17%,74,12,6,,,,,,12,4,,,,,,† undead,20%,40% Stagger,,,,Melee Combat I,✘,,,Frostblink,1,Divine,Single,1 - 3,1,1,40,10,-,50% Bind,Paragon only
,Scimitar,1,direct,13,str,1,slash,16%,75,12,6,,,,,,23,,,,,,,,,40% Stagger,,,,,✔,,,Hellcry,3,Divine,Line,1 - 3,1,1,50,15,-,40% Frighten,Paragon only
,Tulwar,1,direct,13,str,2,slash,18%,86,12,6,,,,,,14,5,,,,,,,,40% Stagger,,,,Melee Combat I,✘,,,Boltstrike,5,Divine,Area,0 - 2,2,1,60,20,-,30% Shackle,Paragon only
,Cutlass,1,direct,16,str,1,slash,17%,85,12,6,,,,,,26,,,,,,,,,40% Stagger,,,,,✔,,,,,,,,,,,,,,
,Falchion,1,direct,16,str,2,slash,20%,98,12,6,,,,,,16,6,,,,,,,,40% Stagger,,,,Melee Combat II,✘,,,,,,,,,,,,,,
,Khora,1,direct,19,str,1,slash,18%,95,12,6,,,,,,29,,,,,,,,,40% Stagger,,,,,✔,,,,,,,,,,,,,,
,Aruval,1,direct,19,str,2,slash,21%,109,12,6,,,,,,18,7,,,,,,,,40% Stagger,,,,Melee Combat II,✘,,,,,,,,,,,,,,
,Damasc Sword,1,direct,22,str,1,slash,19%,105,12,6,,,,,,32,,,,,,,,,40% Stagger,,,,,✔,,,,,,,,,,,,,,
,Crucible Brand,1,direct,22,str,2,slash,22%,121,12,6,,,,,,20,8,,,,,,,,40% Stagger,,,,Melee Combat II,✘,,,,,,,,,,,,,,
,Ulfberht,1,direct,24,str,1,slash,20%,108,12,6,,,,,,33,,,,,,Ic,beast,20%,40% Stagger,,,,The Blade,✔,,,,,,,,,,,,,,
,Verloren,1,direct,25,str,2,slash,23%,126,12,6,,,,,,21,9,,,,,Ea,golem,20%,40% Stagger,,,,The Blade,✔,,,,,,,,,,,,,,
,Barbarossa,1,direct,27,str,2,slash,24%,130,12,6,,,,,,21,9,,,,,Di,human,20%,40% Stagger,,,,The Blade,✔,,,,,,,,,,,,,,
,Fragarach,1,direct,26,str,1,pierce,20%,111,12,6,,,,,,34,,,,,,Ai,faerie,20%,40% Stagger,,,,The Blade,✔,,,,,,,,,,,,,,
,Sum Manus,1,direct,28,str,1,slash,21%,114,12,6,,,,,,35,,,,,,Lg,umbra,20%,40% Stagger,,,,Sword Enchiridion,✘,,,,,,,,,,,,,,
,Cortana,1,direct,29,str,1,slash,21%,116,12,6,,,,,,35,,,,,,Wt,dragon,20%,40% Stagger,,,,Sword Enchiridion,✘,,,,,,,,,,,,,,
,Isberg,1,direct,30,str,2,slash,24%,135,12,6,,,,,,22,10,,,,,Ic,reptile,20%,40% Stagger,,,,Sword Enchiridion,✘,,,,,,,,,,,,,,
,Kali,1,direct,31,str,1,slash,22%,119,12,6,,,,,,36,,,,,,Dr,divine,20%,40% Stagger,,,,Sword Enchiridion,✘,,,,,,,,,,,,,,
,Fandango,1,direct,32,str,1,slash,22%,120,12,6,,,,,,36,,,,,,Fi,undead,20%,40% Stagger,,,,Sword Enchiridion,✘,,,,,,,,,,,,,,
,Nephrite ™,1,direct,32,str,2,slash,25%,138,12,6,,,,,,23,10,5,,,,Wt,golem,20%,40% Stagger,Poison Ward,,Acid Breath x2,,✘,,,,,,,,,,,,,,
,Lombardia ™,1,direct,22,str,1,slash,22%,122,12,6,,,,,,37,,,,,,Ai,umbra,20%,40% Stagger,,,,,✘,,,,,,,,,,,,,,
,Kumbhira,1,direct,34,str,1,slash,22%,123,12,6,,,,,,37,,5,,,,Ea,beast,20%,40% Stagger,Stop Ward,,Shockwave x2,,✘,,,,,,,,,,,,,,
,Legion Waster ™,1,direct,35,str,2,crush,26%,143,12,6,,,,,,24,11,5,,,,Dr,human,20%,40% Stagger,,,,,✘,part of legion set,,,,,,,,,,,,,
,Ambicion ™,1,direct,32,str,1,slash,23%,126,12,6,,,,,,38,,5,,,,Di,undead,20%,40% Stagger,Lead Ward,,Aura Blast x1,,✘,,,,,,,,,,,,,,
,Crissaegrim,1 - 2,line,36,str,1,,,94,18,6,,,,,,,,,,,,,,,Doublestrike,,,,Secrets of the Master,✘,,,,,,,,,,,,,,
,Brynhildr ™,1,direct,24,str,1,slash,24%,127,12,6,,,,,,20,,15,,,,Di,umbra,20%,25% Silence,Fear Ward,Daemonology +2,Consecrate Edge x3,,✘,,,,,,,,,,,,,,
,Balmung,1,direct,38,str,1,slash,24%,129,12,6,,,,,,39,,,,,,Dr,dragon,20%,40% Stagger,Stun Ward,,Dragonsbane x2,,✘,,,,,,,,,,,,,,
,Oracion ™,1,direct,39,str,1,slash,25%,130,12,6,,,,,,20,,15,,,,Di,undead,20%,40% Stagger,,Thanatology +2,Requiem x1,,✘,,,,,,,,,,,,,,
,Caliburn ™,1,direct,40,str,2,slash,28%,152,12,6,,,,,,25,12,5,,,,Fi,divine,20%,40% Stagger,Charm Ward,,Speedstar x2,,✘,,,,,,,,,,,,,,
,2H SWORDS,,,,,,,,,,,,,,,,,,,,,,,,,,,,,,,,,Finishing Move,Rank,Element,Target,Range,Area,Hits,TP,RT,TP Scale,Effect,
,Longsword,1,direct,1,str,2,slash,16%,47,24,8,,,,,,10,,,,,,,,,60% Stagger,,Overpower +1,,,✔,,,Sonic Blade,2,Air,Single,1,1,1,100+,30,Damage,Stun,
,Claymore,1,direct,4,str,2,slash,17%,57,24,8,,,,,,13,,,,,,,,,60% Stagger,,Overpower +1,,,✔,,,Thunderbeast,4,Lightning,Single,2 - 3,1,1,100+,30,Accuracy,Shackle,
,War Blade,1,direct,7,str,2,slash,19%,71,24,8,,,,,,17,,,,,,,,,60% Stagger,,Overpower +1,,,✔,,,Kuiper Belt,6,Dark,Line,1 - 3,1,1,100+,30,Accuracy,RT Reset,
,Baldur Blade,1,direct,10,str,2,slash,20%,84,24,8,,,,,,20,,,,,,,† undead,40%,60% Stagger,,Overpower +1,,,✔,,,Grand Cross,8,Divine,Area,0 - 1,2,1,100+,30,Damage,-,
,Silver Slayer,1,direct,10,str,2,slash,22%,92,32,12,,,,,,-20,,,,,,,† undead,40%,Stagger,,Overpower +1,,Melee Combat I,✘,,,Shoot (gunblades),1,,Single,2 - 7,1,1,50,75,-,-,Commando only
,Espadon,1,direct,13,str,2,slash,21%,97,24,8,,,,,,23,,,,,,,,,60% Stagger,,Overpower +1,,,✔,,,,,,,,,,,,,,
,Linebreaker,1,direct,13,str,2,slash,24%,107,32,12,,,,,,-23,,,,,,,,,Stagger,,Overpower +1,,Melee Combat I,✘,,,,,,,,,,,,,,
,Zweihander,1,direct,16,str,2,slash,23%,111,24,8,,,,,,26,,,,,,,,,60% Stagger,,Overpower +1,,,✔,,,,,,,,,,,,,,
,Greatsword,1,direct,16,str,2,slash,25%,122,32,12,,,,,,-26,,,,,,,,,Stagger,,Overpower +1,,Melee Combat II,✘,,,,,,,,,,,,,,
,Falx,1,direct,19,str,2,slash,24%,124,24,8,,,,,,29,,,,,,,,,60% Stagger,,Overpower +1,,,✔,,,,,,,,,,,,,,
,Slasher,1,direct,19,str,2,slash,27%,136,32,12,,,,,,-29,,,,,,,,,Stagger,,Overpower +1,,Melee Combat II,✘,,,,,,,,,,,,,,
,Damasc Blade,1,direct,22,str,2,slash,25%,137,24,8,,,,,,32,,,,,,,,,60% Stagger,,Overpower +1,,,✔,,,,,,,,,,,,,,
,Crucible Reaver,1,direct,22,str,2,slash,28%,151,32,12,,,,,,-32,,,,,,,,,Stagger,,Overpower +1,,Melee Combat II,✘,,,,,,,,,,,,,,
,Longhorn,1,direct,22,dex,2,slash,13%,130,32,10,,,,,,,,,,,,,,,,,,,The Fusil,✘,gunblade,,,,,,,,,,,,,
,Nergal,1,direct,24,str,2,slash,26%,141,24,8,,,,,,33,,,,,,Fi,divine,40%,60% Stagger,,Overpower +2,,The Blade,✔,,,,,,,,,,,,,,
,Bakunawa,1,direct,25,str,2,slash,29%,157,32,12,,,,,,-33,,,,,,Wt,reptile,60%,Stagger,,Overpower +2,,The Blade,✔,,,,,,,,,,,,,,
,Sigmund,1,direct,26,str,2,slash,27%,145,24,8,,,,,,34,,,,,,Lg,undead,40%,60% Stagger,,Overpower +2,,The Blade,✔,,,,,,,,,,,,,,
,Desert Blade,1,direct,27,str,2,slash,27%,147,24,8,,,,,,34,,,,,,Ea,golem,40%,60% Stagger,,Overpower +2,,The Blade,✔,,,,,,,,,,,,,,
,Gilgamesh,1,direct,28,str,2,slash,30%,163,32,12,,,,,,-35,,,,,,Ai,beast,60%,Stagger,,Overpower +2,,2H Sword Enchiridion,✘,,,,,,,,,,,,,,
,Stasis Blade,1,direct,29,str,2,slash,31%,165,32,12,,,,,,-35,,,,,,Ic,faerie,60%,Stagger,,Overpower +2,,2H Sword Enchiridion,✘,,,,,,,,,,,,,,
,Terminus Est,1,direct,30,str,2,slash,28%,152,24,8,,,,,,36,,,,,,Dr,human,40%,60% Stagger,,Overpower +2,,2H Sword Enchiridion,✘,,,,,,,,,,,,,,
,Runeblade,1,direct,31,str,2,slash,29%,154,24,8,,,,,,36,,,,,,Di,umbra,40%,60% Stagger,,Overpower +2,,2H Sword Enchiridion,✘,,,,,,,,,,,,,,
,Fafnir ™,1,direct,32,str,2,slash,29%,156,24,8,,,,,,36,,8,,,,Ai,dragon,40%,60% Stagger,Curse Ward,Overpower +2,Howl x3,,✘,part of dragonslayer set,,,,,,,,,,,,,
,Wukong Blade,1,direct,32,str,1,slash,25%,140,24,8,,,,,,-60,,,,,,,,,60% Stagger,,Overpower +1,,,✘,,,,,,,,,,,,,,
,Hyperion,1,direct,32,dex,2,slash,15%,148,32,10,,,,,,,,,,,,,,,,,,,Fusil Enchiridion,✘,gunblade,,,,,,,,,,,,,
,Notos ™,1,direct,34,str,2,slash,30%,160,24,8,,,,,,37,,8,,,,Ai,beast,40%,60% Stagger,Sleep Ward,Overpower +2,Vortex Breath x2,,✘,one of four wind god weapons,,,,,,,,,,,,,
,Ogre Blade ™,1,direct,36,str,2,slash,32%,164,24,8,,,,,,38,,,,,,Dr,human,40%,60% Stagger,,Overpower +2,Agony x2,,✘,part of ogre set,,,,,,,,,,,,,
,Dragon Slayer,1,direct,36,str,2,crush,50%,229,60,20,,,,,,-60,,,,,,,dragon,80%,Stagger,,Overpower +2,,Secrets of the Master,✘,part of dragonslayer set,,,,,,,,,,,,,
,Megiddo,1,direct,37,str,2,slash,34%,182,32,12,,,,,,-39,,8,,,,Fi,reptile,60%,Stagger,Charm Ward,Overpower +2,Vampiric Kiss (G) x2,,✘,,,,,,,,,,,,,,
,Ishana,1,direct,38,str,2,slash,31%,167,24,8,,,,,,39,,8,,,,Wt,faerie,40%,60% Stagger,Stop Ward,Overpower +2,Purify x2,,✘,,,,,,,,,,,,,,
,Durandal,1,direct,39,str,2,slash,35%,186,32,12,,,,,,-40,,8,,,,Di,undead,60%,Stagger,,Overpower +2,Renewal x2,,✘,,,,,,,,,,,,,,
,Caladbolg,1,direct,40,str,2,slash,32%,171,24,8,,,,,,40,,8,,,,Ic,divine,40%,60% Stagger,Stun Ward,Overpower +2,Rime Hew x1,,✘,,,,,,,,,,,,,,
,AXES,,,,,,,,,,,,,,,,,,,,,,,,,,,,,,,,,Finishing Move,Rank,Element,Target,Range,Area,Hits,TP,RT,TP Scale,Effect,
,Hand Axe,1,direct,1,str,1,slash,10%,39,16,7,,,,,,,,,,,,,,,40% Breach,,,,,✔,,,Driving Cut,2,Lightning,Single,1,1,1,100+,35,Damage,Slow,
,Heavy Axe,1,direct,4,str,2,slash,14%,62,32,10,,,,,,,,,,,,,,,60% Breach,,Overpower +1,,,✔,,,Ice Prison,4,Ice,Single,2 - 3,1,1,100+,35,Accuracy,Bind,
,Battle Axe,1,direct,7,str,1,slash,12%,59,16,7,,,,,,,,,,,,,,,40% Breach,,,,,✔,,,Bear Claw,6,Air,Single,1,1,2,100+,35,Accuracy,-,
,Baldur Axe,1,direct,10,str,2,slash,16%,91,32,10,,,,,,,,,,,,,† undead,40%,60% Breach,,Overpower +1,,,✔,,,Infinity,8,Earth,Line,1 - 6,1,1,100+,35,Accuracy,-,
,Silver Edge,1,direct,10,str,2,slash,16%,91,38,12,,,,,,,,,,,,,† undead,40%,25% Slow,,Overpower +1,,Melee Combat I,✘,,,,,,,,,,,,,,
,Tabar Zin,1,direct,13,str,1,slash,13%,81,16,7,,,,,,,,,,,,,,,40% Breach,,,,,✔,,,,,,,,,,,,,,
,Sagaris,1,direct,13,str,1,slash,13%,81,20,8,,,,,,,,,,,,,,,15% Slow,,,,Melee Combat I,✘,,,,,,,,,,,,,,
,Poleaxe,1,direct,16,str,2,slash,18%,119,32,10,,,,,,,,,,,,,,,60% Breach,,Overpower +1,,,✔,,,,,,,,,,,,,,
,Bardiche,1,direct,16,str,2,slash,18%,119,38,12,,,,,,,,,,,,,,,25% Slow,,Overpower +1,,Melee Combat II,✘,,,,,,,,,,,,,,
,Labrys,1,direct,19,str,1,slash,15%,103,16,7,,,,,,,,,,,,,,,40% Breach,,,,,✔,,,,,,,,,,,,,,
,Parashu,1,direct,19,str,1,slash,15%,103,20,8,,,,,,,,,,,,,,,15% Slow,,,,Melee Combat II,✘,,,,,,,,,,,,,,
,Damasc Axe,1,direct,22,str,2,slash,21%,148,32,10,,,,,,,,,,,,,,,60% Breach,,Overpower +1,,,✔,,,,,,,,,,,,,,
,Crucible Edge,1,direct,22,str,2,slash,21%,148,38,12,,,,,,,,,,,,,,,25% Slow,,Overpower +1,,Melee Combat II,✘,,,,,,,,,,,,,,
,Balbriggan,1,direct,24,str,1,slash,16%,117,16,7,,,,,,,,,,,,Lg,umbra,20%,40% Breach,,,,"Axe, Spear & Hammer",✔,,,,,,,,,,,,,,
,Tornak,1,direct,25,str,1,slash,17%,119,20,8,,,,,,,,,,,,Ic,reptile,20%,15% Slow,,,,"Axe, Spear & Hammer",✔,,,,,,,,,,,,,,
,Stormchaser,1,direct,26,str,2,slash,22%,156,32,10,,,,,,,,,,,,Ai,golem,40%,60% Breach,,Overpower +2,,"Axe, Spear & Hammer",✔,,,,,,,,,,,,,,
,Pangaea,1,direct,27,str,2,slash,22%,158,38,12,,,,,,,,,,,,Ea,beast,40%,25% Slow,,Overpower +2,,"Axe, Spear & Hammer",✔,,,,,,,,,,,,,,
,Sekhret,1,direct,28,str,1,slash,17%,123,16,7,,,,,,,,,,,,Dr,dragon,20%,40% Breach,,,,Axe Enchiridion,✘,,,,,,,,,,,,,,
,Urdarbrunn,1,direct,29,str,2,slash,23%,162,32,10,,,,,,,,,,,,Wt,umbra,40%,60% Breach,,Overpower +2,,Axe Enchiridion,✘,,,,,,,,,,,,,,
,Varangian,1,direct,30,str,1,slash,18%,126,16,7,,,,,,,,,,,,Di,undead,20%,40% Breach,,,,Axe Enchiridion,✘,,,,,,,,,,,,,,
,Glamrock ™,1,direct,32,str,2,slash,24%,169,32,10,,,,,,,,8,,,,Dr,dragon,40%,60% Breach,Stun Ward,Overpower +2,Mustard Bomb x2,,✘,part of dragonslayer set,,,,,,,,,,,,,
,Boreas ™,1,direct,34,str,1,slash,19%,133,16,7,,,,,,,,5,,,,Ai,divine,20%,40% Breach,Sleep Ward,,Bloodbath x2,,✘,one of four wind god weapons,,,,,,,,,,,,,
,Stardust,1,direct,35,str,2,slash,25%,175,38,12,,,,,,,,8,,,,Di,undead,40%,25% Slow,,Overpower +2,Luminous Resonance x2,,✘,,,,,,,,,,,,,,
,Orm Embar,1,direct,36,str,2,slash,25%,177,32,10,,,,,,,,8,,,,Fi,dragon,40%,60% Breach,Fear Ward,Overpower +2,Blaze of Glory x2,,✘,part of dragonslayer set,,,,,,,,,,,,,
,Prox,1,direct,37,str,1,slash,19%,138,20,8,,,,,,,,5,,,,Fi,human,20%,15% Slow,,,Flame Breath x2,,✘,,,,,,,,,,,,,,
,Kshuparaka,1,direct,38,str,2,slash,25%,181,32,10,,,,,,,,8,,,,Ic,faerie,40%,60% Breach,Stop Ward,Overpower +2,Winter Siege x2,,✘,,,,,,,,,,,,,,
,Shaytan's Bulova ™,1,direct,39,str,2,slash,26%,183,38,12,,,,,,,,8,,,,Dr,human,40%,25% Slow,Fear Ward,Overpower +2,Drain Power x2,,✘,part of shadowmaster set,,,,,,,,,,,,,
,Durga,1,direct,40,str,1,slash,20%,142,20,8,,,,,,,,5,,,,Wt,beast,20%,15% Slow,Charm Ward,,Evilsbane x1,,✘,,,,,,,,,,,,,,
,SPEARS,,,,,,,,,,,,,,,,,,,,,,,,,,,,,,,,,Finishing Move,Rank,Element,Target,Range,Area,Hits,TP,RT,TP Scale,Effect,
,Bronze Spear,1 - 2,line,1,str,1,pierce,6%,35,14,6,,,,,,,3,,,,,,,,,,,,,✔,,,Ruination,2,Fire,Single,1 - 2,1,1,100+,35,Damage,Silence,
,Voulge,1 - 2,line,4,str,2,pierce,9%,55,28,8,,,,,,,6,,,,,,,,,,Parry +1,,,✔,,,Wind Scythe,4,Air,Single,2 - 4,1,1,100+,35,Accuracy,Hobble/Delay,
,Xyston,1 - 2,line,7,str,1,pierce,7%,52,14,6,,,,,,,6,,,,,,,,,,,,,✔,,,Giga Tempest,6,Lightning,Area,2 - 4,2,1,100+,35,Accuracy,-,
,Baldur Spear,1 - 2,line,10,str,2,pierce,10%,81,28,8,,,,,,,11,,,,,,† undead,40%,,,Parry +1,,,✔,,,Charybdis,8,Water,Area,0 - 2,2,1,100+,35,Accuracy,Slow,
,Silver Pike,2 - 3,line,10,str,2,pierce,10%,81,34,9,,,,,,,11,,,,,,† undead,40%,,,Parry +1,,Melee Combat I,✘,,,,,,,,,,,,,,
,Spetum,1 - 2,line,13,str,1,pierce,8%,72,14,6,,,,,,,9,,,,,,,,,,,,,✔,,,,,,,,,,,,,,
,Brandistock,2 - 3,line,13,str,1,pierce,8%,72,18,7,,,,,,,9,,,,,,,,,,,,Melee Combat I,✘,,,,,,,,,,,,,,
,Halberd,1 - 2,line,16,str,2,slash,11%,106,28,8,,,,,,,15,,,,,,,,,,Parry +1,,,✔,,,,,,,,,,,,,,
,Guisarme,2 - 3,line,16,str,2,slash,11%,106,34,9,,,,,,,15,,,,,,,,,,Parry +1,,Melee Combat II,✘,,,,,,,,,,,,,,
,Trident,1 - 2,line,19,str,1,pierce,9%,91,14,6,,,,,,,12,,,,,,,,,,,,,✔,,,,,,,,,,,,,,
,Trisula,2 - 3,line,19,str,1,pierce,9%,91,18,7,,,,,,,12,,,,,,,,,,,,Melee Combat II,✘,,,,,,,,,,,,,,
,Damasc Spear,1 - 2,line,22,str,2,pierce,13%,132,28,8,,,,,,,20,,,,,,,,,,Parry +1,,,✔,,,,,,,,,,,,,,
,Crucible Lance,2 - 3,line,22,str,2,pierce,13%,132,34,9,,,,,,,20,,,,,,,,,,Parry +1,,Melee Combat II,✘,,,,,,,,,,,,,,
,Finial,1 - 2,line,24,str,1,pierce,10%,104,14,6,,,,,,,14,,,,,Lg,faerie,20%,,,,,"Axe, Spear & Hammer",✔,,,,,,,,,,,,,,
,Culnrikolnne,2 - 3,line,25,str,2,pierce,13%,137,34,7,,,,,,,22,,,,,Di,undead,40%,,,Parry +1,,"Axe, Spear & Hammer",✔,,,,,,,,,,,,,,
,Osric's Spear,1 - 2,line,26,str,2,pierce,13%,139,28,8,,,,,,,22,,,,,Ic,reptile,40%,,,Parry +1,,"Axe, Spear & Hammer",✔,part of dragonslayer set,,,,,,,,,,,,,
,Brionac,2 - 3,line,27,str,1,pierce,10%,108,18,7,,,,,,,15,,,,,Fi,beast,20%,,,,,"Axe, Spear & Hammer",✔,,,,,,,,,,,,,,
,Orochi,1 - 2,line,28,str,1,pierce,10%,110,14,6,,,,,,,16,,,,,Dr,reptile,20%,,,,,Spear Enchiridion,✘,,,,,,,,,,,,,,
,Keldaran,1 - 2,line,29,str,2,pierce,14%,144,28,8,,,,,,,24,,,,,Wt,umbra,40%,,,Parry +1,,Spear Enchiridion,✘,,,,,,,,,,,,,,
,Longinus,1 - 2,line,30,str,1,pierce,11%,112,14,6,,,,,,,16,,,,,Di,undead,20%,,,,,Spear Enchiridion,✘,,,,,,,,,,,,,,
,Volcaetus ™,1 - 2,line,32,str,2,pierce,15%,150,28,8,,,,,,,26,8,,,,Fi,golem,40%,,Stun Ward,Parry +1,Blazing Resonance x2,,✘,,,,,,,,,,,,,,
,Zephyros ™,1 - 2,line,34,str,2,pierce,15%,153,28,8,,,,,,,27,8,,,,Ai,umbra,40%,,Sleep Ward,Parry +1,Vortex Cut x1,,✘,one of four wind god weapons,,,,,,,,,,,,,
,Narok,1 - 2,line,36,str,2,pierce,15%,157,28,8,,,,,,,28,8,,,,Ea,dragon,40%,,Stun Ward,Parry +1,Telluric Resonance x2,,✘,part of dragonslayer set,,,,,,,,,,,,,
,Saskia,1 - 4,line,36,str,2,,,118,34,10,,,,,,,,,,,,,,,,,,,Secrets of the Master,✘,,,,,,,,,,,,,,
,Tlaloc's Bolt,2 - 3,line,37,str,1,pierce,12%,122,18,7,,,,,,,19,5,,,,Wt,human,20%,,Charm Ward,,Envenom x3,,✘,,,,,,,,,,,,,,
,Pavana,2 - 3,line,38,str,2,pierce,16%,161,34,9,,,,,,,29,8,,,,Lg,divine,40%,,Stop Ward,Parry +1,Mighty Strike x2,,✘,,,,,,,,,,,,,,
,Bentisca,1 - 2,line,39,str,1,pierce,12%,125,14,6,,,,,,,20,5,,,,Ic,dragon,20%,,,,Rime x2,,✘,,,,,,,,,,,,,,
,Gae Bolg ™,1 - 2,line,40,str,2,pierce,16%,164,28,8,,,,,,,30,8,,,,Dr,human,40%,,Fear Ward,Parry +1,Beastbane x1,,✘,,,,,,,,,,,,,,
,HAMMERS,,,,,,,,,,,,,,,,,,,,,,,,,,,,,,,,,Finishing Move,Rank,Element,Target,Range,Area,Hits,TP,RT,TP Scale,Effect,
,Halt Hammer,1,direct,1,str,1,crush,8%,41,20,8,,,,,,,,,,,,,,,25% Stun,,,,,✔,,,Tyrant's Fist,2,Ice,Single,1,1,1,100+,40,Damage,TP Reset,
,Maul,1,direct,4,str,2,crush,11%,67,40,12,,,,,,,,,,,,,,,40% Stun,,Overpower +1,,,✔,,,Gaia Sunder,4,Earth,Line,1 - 3,1,1,100+,40,Accuracy,Hobble/Delay,
,Flail,1,direct,7,str,1,crush,9%,63,20,8,,,,,,,,,,,,,,,25% Stun,,,,,✔,,,Dying Sun,6,Fire,Area,2 - 3,2,1,100+,40,Accuracy,-,
,Baldur Maul,1,direct,10,str,2,crush,13%,98,40,12,,,,,,,,,,,,,† undead,40%,40% Stun,,Overpower +1,,,✔,,,Myollnir,8,Lightning,Area,0 - 1,2,1,100+,40,Damage,-,
,Silver Martel,1,direct,10,str,2,crush,11%,93,40,12,,,,,,,,,,,,,† undead,40%,RT Delay 30,,Overpower +1,,Melee Combat I,✘,,,,,,,,,,,,,,
,War Hammer,1,direct,13,str,1,crush,11%,87,20,8,,,,,,,,,,,,,,,25% Stun,,,,,✔,,,,,,,,,,,,,,
,Crusader Hammer,1,direct,13,str,1,crush,10%,82,20,8,,,,,,,,,9,,,,† undead,20%,,,,,Melee Combat I,✘,,,,,,,,,,,,,,
,Piledriver,1,direct,16,str,2,crush,14%,129,40,12,,,,,,,,,,,,,,,40% Stun,,Overpower +1,,,✔,,,,,,,,,,,,,,
,Grandhammer,1,direct,16,str,2,crush,13%,123,40,12,,,,,,,,,,,,,,,RT Delay 30,,Overpower +1,,Melee Combat II,✘,,,,,,,,,,,,,,
,War Mace,1,direct,19,str,1,crush,12%,110,20,8,,,,,,,,,,,,,,,25% Stun,,,,,✔,,,,,,,,,,,,,,
,Morningstar,1,direct,19,str,1,crush,11%,105,20,8,,,,,,,,,11,,,,† undead,20%,,,,,Melee Combat II,✘,,,,,,,,,,,,,,
,Damasc Maul,1,direct,22,str,2,crush,16%,160,40,12,,,,,,,,,,,,,,,40% Stun,,Overpower +1,,,✔,,,,,,,,,,,,,,
,Crucible Martel,1,direct,22,str,2,crush,14%,152,40,12,,,,,,,,,,,,,,,RT Delay 30,,Overpower +1,,Melee Combat II,✘,,,,,,,,,,,,,,
,Briareos,1,direct,24,str,1,crush,12%,119,20,8,,,,,,,,,12,,,Ea,† golem,20%,,,,,"Axe, Spear & Hammer",✔,,,,,,,,,,,,,,
,Volendrung,1,direct,25,str,2,crush,17%,167,40,12,,,,,,,,,,,,Lg,faerie,40%,40% Stun,,Overpower +2,,"Axe, Spear & Hammer",✔,,,,,,,,,,,,,,
,Redeemer,1,direct,26,str,1,crush,12%,123,20,8,,,,,,,,,13,,,Di,† undead,20%,,,,,"Axe, Spear & Hammer",✔,,,,,,,,,,,,,,
,Stygian Pick,1,direct,28,str,1,pierce,14%,132,20,8,,,,,,,,,,,,Dr,divine,20%,25% Stun,,,,Hammer Enchiridion,✘,,,,,,,,,,,,,,
,Yggdrasil Gnarl,1,direct,29,str,2,crush,16%,167,40,12,,,,,,,,,,,,Ic,reptile,40%,RT Delay 30,,Overpower +2,,Hammer Enchiridion,✘,,,,,,,,,,,,,,
,Gehenna,1,direct,30,str,2,crush,18%,178,40,12,,,,,,,,,,,,Fi,beast,40%,40% Stun,,Overpower +2,,Hammer Enchiridion,✘,,,,,,,,,,,,,,
,Bai Ze,1,direct,32,str,1,crush,15%,139,20,8,,,,,,,,5,,,,Wt,dragon,20%,25% Stun,Stun Ward,,Bind Water x2,,✘,,,,,,,,,,,,,,
,Sanscion ™,1,direct,32,str,2,crush,18%,182,40,12,,,,,,,,8,,,,Ea,dragon,40%,40% Stun,Fear Ward,Overpower +2,Granite Fist x2,,✘,part of dragonslayer set,,,,,,,,,,,,,
,Euros ™,1,direct,34,str,2,crush,17%,177,40,12,,,,,,,,8,,,,Ai,umbra,40%,RT Delay 30,Sleep Ward,Overpower +2,Sparagmos x2,,✘,one of four wind god weapons,,,,,,,,,,,,,
,Vajra,1,direct,36,str,1,crush,14%,140,20,8,,,,,,,,,14,,,Lg,† faerie,20%,,Stop Ward,Augment Lightning +1,Electrify x2,,✘,,,,,,,,,,,,,,
,Emberwake,1,direct,38,str,1,crush,16%,149,20,8,,,,,,,,5,,,,Fi,beast,20%,25% Stun,,,Flare Spiral x1,,✘,,,,,,,,,,,,,,
,Dagda's Hammer ™,1,direct,39,str,2,crush,20%,198,40,12,,,,,,,,8,,,,Dr,human,40%,40% Stun,Stone Ward,Overpower +2,Agonal Scream x1,,✘,part of shadowmaster set,,,,,,,,,,,,,
,Godhand ™,1,direct,40,str,2,crush,18%,190,40,12,,,,,,,,8,,,,Di,undead,40%,RT Delay 30,Charm Ward,Overpower +2,Exorcism II x2,,✘,,,,,,,,,,,,,,
,1H KATANA,,,,,,,,,,,,,,,,,,,,,,,,,,,,,,,,,Finishing Move,Rank,Element,Target,Range,Area,Hits,TP,RT,TP Scale,Effect,
,Tanto,1,direct,1,dex,1,slash,4%,33,10,5,,,,,,,,,,,6,,,,TP Dmg 20,,,,,✔,,,Nightblade,2,Dark,Line,1 - 3,1,1,100+,15,Accuracy,Sleep,
,Kodachi,1,direct,4,dex,1,slash,4%,41,10,5,,,,,,,,,,,8,,,,TP Dmg 20,,,,,✔,,,Ikazuchi,4,Lightning,Single,2 - 3,1,1,100+,15,Accuracy,TP Reset,
,Jitte,1,direct,7,dex,1,pierce,5%,50,10,5,,,,,,,,,,,10,,,,TP Dmg 20,,,,,✔,,,Swallowtail,6,Air,Single,1,1,2,100+,15,Accuracy,-,
,Mageblade,1,direct,10,dex,1,slash,5%,59,10,5,,,,,,,,,,,12,,† undead,20%,TP Dmg 30,,,,,✔,,,Advent Sign,8,Divine,Area,0 - 1,2,1,100+,15,Accuracy,Shackle,
,Magesilver Blade,1,direct,10,dex,1,slash,7%,62,10,5,,,,,,,7,,,,-12,,† undead,20%,,,,,Melee Combat I,✘,,,,,,,,,,,,,,
,Wakizashi,1,direct,13,dex,1,slash,5%,69,10,5,,,,,,,,,,,14,,,,TP Dmg 30,,,,,✔,,,,,,,,,,,,,,
,Ninjato,1,direct,13,dex,1,slash,7%,72,10,5,,,,,,,9,,,,-14,,,,,,,,Melee Combat I,✘,,,,,,,,,,,,,,
,Moon Sickle,1,direct,16,dex,1,slash,6%,78,10,5,,,,,,,,,,,16,,,,TP Dmg 30,,,,,✔,,,,,,,,,,,,,,
,Moon Scythe,1,direct,16,dex,1,slash,7%,82,10,5,,,,,,,10,,,,-16,,,,,,,,Melee Combat II,✘,,,,,,,,,,,,,,
,Sai,1,direct,19,dex,1,pierce,6%,88,10,5,,,,,,,,,,,18,,,,TP Dmg 30,,,,,✔,,,,,,,,,,,,,,
,Manji Sai,1,direct,19,dex,1,pierce,8%,92,10,5,,,,,,,12,,,,-18,,,,,,,,Melee Combat II,✘,,,,,,,,,,,,,,
,Muso Blade,1,direct,22,dex,1,slash,6%,97,10,5,,,,,,,,,,,20,,,,TP Dmg 30,,,,,✔,,,,,,,,,,,,,,
,Hakuro Blade,1,direct,22,dex,1,slash,8%,102,10,5,,,,,,,13,,,,-20,,,,,,,,Melee Combat II,✘,,,,,,,,,,,,,,
,Matsukaze,1,direct,24,dex,1,slash,9%,105,10,5,,,,,,,14,,,,-21,Ai,beast,20%,,,,,The Katana,✔,,,,,,,,,,,,,,
,Agni,1,direct,25,dex,1,slash,7%,101,10,5,,,,,,,,,,,21,Fi,reptile,20%,TP Dmg 40,,,,The Katana,✔,,,,,,,,,,,,,,
,Varunastra,1,direct,26,dex,1,slash,9%,107,10,5,,,,,,,15,,,,-21,Wt,golem,20%,,,,,The Katana,✔,,,,,,,,,,,,,,
,The Goddess Bound ™,1,direct,26,dex,2,pierce,20%,128,,12,,,,,,,25,,,,,,,,25% Bind,Lead Ward,1H Katana +1,Fly x1,The Katana,✘,attacking with it has no RT cost,,,,,,,,,,,,,
,Urvi,1,direct,28,dex,1,slash,7%,105,10,5,,,,,,,,,,,22,Ea,faerie,20%,TP Dmg 40,,,,Katana Enchiridion,✘,,,,,,,,,,,,,,
,Amaterasu,1,direct,29,dex,1,slash,7%,106,10,5,,,,,,,,,,,22,Di,undead,20%,TP Dmg 40,,,,Katana Enchiridion,✘,,,,,,,,,,,,,,
,Ravana,1,direct,30,dex,1,slash,7%,108,10,5,,,,,,,,,,,22,Dr,divine,20%,TP Dmg 40,,,,Katana Enchiridion,✘,,,,,,,,,,,,,,
,The Goddess Scorned ™,1,direct,30,dex,2,,,135,10,5,,,,,,,,,-100,50,50,Fi 10%,† umbra,60%,,Charm Ward,,Enkindle x1,Katana Enchiridion,✘,base dmg doubled vs undead,,,,,,,,,,,,,
,Barapha,1,direct,32,dex,1,slash,7%,110,10,5,,,,,,,,5,,,23,Ic,reptile,20%,TP Dmg 40,Stun Ward,,Frost Breath x2,,✘,,,,,,,,,,,,,,
,Kamaitachi,1,direct,34,dex,1,slash,7%,113,10,5,,,,,,,,5,,,23,Ai,beast,20%,TP Dmg 40,Sleep Ward,,Gambit x2,,✘,,,,,,,,,,,,,,
,Golok,1,direct,36,dex,1,slash,8%,116,10,5,,,,,,,,5,,,24,Lg,dragon,20%,TP Dmg 40,Fear Ward,,Arc x2,,✘,,,,,,,,,,,,,,
,The Goddess Unleashed ™,1,direct,36,dex,2,slash,33%,133,33,3,,,,,,,,,33,,33,Fi,,,,Stop Ward,Augment Fire +1,Her Blessing x3,Secrets of the Master,✘,,,,,,,,,,,,,,
,A'Tuin,1,direct,38,dex,1,slash,10%,124,10,5,,,,,,,19,5,,,-24,Ea,undead,20%,,Stone Ward,,Sand Breath x2,,✘,,,,,,,,,,,,,,
,Bakasura,1,direct,39,dex,1,slash,10%,126,10,5,,,,,,,20,5,,,-25,Dr,human,20%,,Stop Ward,,Shadow Resonance x2,,✘,,,,,,,,,,,,,,
,Masamune ™,1,direct,40,dex,1,slash,8%,121,10,5,,,,,,,,5,,,25,Wt,umbra,20%,TP Dmg 40,Lead Ward,,Allheal II x2,,✘,,,,,,,,,,,,,,
,2H KATANA,,,,,,,,,,,,,,,,,,,,,,,,,,,,,,,,,Finishing Move,Rank,Element,Target,Range,Area,Hits,TP,RT,TP Scale,Effect,
,Tachi,1,direct,1,dex,2,slash,6%,44,20,7,,,,,,,,,,,10,,,,TP Dmg 30,,Deflect +1,,,✔,,,Mist Finer,2,Water,Single,1,1,2,100+,25,Accuracy,-,
,Uchigatana,1,direct,4,dex,2,slash,7%,53,20,7,,,,,,,,,,,13,,,,TP Dmg 30,,Deflect +1,,,✔,,,Iainuki,4,Air,Self,-,2,1,100+,25,Damage,-,
,Nodachi,1,direct,7,dex,2,slash,7%,65,20,7,,,,,,,,,,,17,,,,TP Dmg 30,,Deflect +1,,,✔,,,Phantom,6,Dark,Single,2 - 3,1,1,100+,25,Accuracy,Frighten,
,Spiritblade,1,direct,10,dex,2,slash,8%,77,20,7,,,,,,,,,,,20,,† undead,40%,TP Dmg 45,,Deflect +1,,,✔,,,Sunblossom,8,Fire,Area,2 - 3,2,1,100+,25,Accuracy,Wither,
,Silver Spiritblade,1,direct,10,dex,2,slash,4%,73,16,5,,,,,,,,,,,,,† undead,40%,,,,Draw Out x1,Melee Combat I,✘,,,Soulstrike,1,,Single,1,1,1,50,25,-,MP Boost,Blade Knight only
,Cane Blade,1,direct,13,dex,2,slash,8%,89,20,7,,,,,,,,,,,23,,,,TP Dmg 45,,Deflect +1,,,✔,,,Discord,3,,Self,-,3,1,100+,80,-,Heals Allies,Blade Knight only
,Shikomizue,1,direct,13,dex,2,slash,4%,85,16,5,,,,,,,,,,,,,,,,,,Draw Out x1,Melee Combat I,✘,,,,,,,,,,,,,,
,Dadao,1,direct,16,dex,2,slash,9%,102,20,7,,,,,,,,,,,26,,,,TP Dmg 45,,Deflect +1,,,✔,,,,,,,,,,,,,,
,Changdao,1,direct,16,dex,2,slash,4%,97,16,5,,,,,,,,,,,,,,,,,,Draw Out x1,Melee Combat II,✘,,,,,,,,,,,,,,
,Nagamaki,1,direct,19,dex,2,slash,9%,114,20,7,,,,,,,,,,,29,,,,TP Dmg 45,,Deflect +1,,,✔,,,,,,,,,,,,,,
,Zanbato,1,direct,19,dex,2,slash,5%,108,16,5,,,,,,,,,,,,,,,,,,Draw Out x1,Melee Combat II,✘,,,,,,,,,,,,,,
,Blacksteel Blade,1,direct,22,dex,2,slash,10%,126,20,7,,,,,,,,,,,32,,,,TP Dmg 45,,Deflect +1,,,✔,,,,,,,,,,,,,,
,Meteoric Blade,1,direct,22,dex,2,slash,5%,120,16,5,,,,,,,,,,,,,,,,,,Draw Out x1,Melee Combat II,✘,,,,,,,,,,,,,,
,Sui-Feng,1,direct,24,dex,2,slash,5%,123,16,5,,,,,,,,,,,,Ai,beast,40%,,,,Draw Out x1,The Katana,✔,,,,,,,,,,,,,,
,Ataraxia,1,direct,25,dex,2,slash,10%,131,20,7,,,,,,,,,,,33,Ic,faerie,40%,TP Dmg 60,,Deflect +1,,The Katana,✔,,,,,,,,,,,,,,
,Time and Tide,1,direct,26,dex,2,slash,5%,126,16,5,,,,,,,,,,,,Wt,undead,40%,,,,Draw Out x1,The Katana,✔,,,,,,,,,,,,,,
,Mugenjin,1,direct,27,dex,2,slash,10%,135,20,7,,,,,,,,,,,34,Fi,human,40%,TP Dmg 60,,Deflect +1,,The Katana,✔,,,,,,,,,,,,,,
,Hotaru,1,direct,28,dex,2,slash,10%,137,20,7,,,,,,,,,,,35,Di,umbra,40%,TP Dmg 60,,Deflect +1,,2H Katana Enchiridion,✘,,,,,,,,,,,,,,
,Soul Reaver,1,direct,29,dex,2,slash,5%,131,16,5,,,,,,,,,,,,Dr,divine,40%,,,,Draw Out x1,2H Katana Enchiridion,✘,,,,,,,,,,,,,,
,Banryu,1,direct,30,dex,2,slash,11%,140,20,7,,,,,,,,,,,36,Ea,reptile,40%,TP Dmg 60,,Deflect +1,,2H Katana Enchiridion,✘,,,,,,,,,,,,,,
,Fulgora,1,direct,31,dex,2,slash,11%,142,20,7,,,,,,,,,,,36,Lg,beast,40%,TP Dmg 60,,Deflect +1,,2H Katana Enchiridion,✘,,,,,,,,,,,,,,
,Sonic Blade,1,direct,32,dex,2,slash,11%,144,20,7,,,,,,,,,,,36,Ai,golem,40%,TP Dmg 60,,Deflect +1,,2H Katana Enchiridion,✘,,,,,,,,,,,,,,
,Asura,1,direct,33,dex,2,slash,11%,145,20,7,,,,,,,,8,,,37,Fi,dragon,40%,TP Dmg 60,Stop Ward,Deflect +1,Bind Flame x3,,✘,part of dragonslayer set,,,,,,,,,,,,,
,Samehada,1,direct,34,dex,2,slash,11%,147,20,7,,,,,,,,8,,,37,Wt,divine,40%,TP Dmg 60,Stun Ward,Deflect +1,Acid x2,,✘,,,,,,,,,,,,,,
,Angol Moa ™,1,direct,36,dex,2,slash,11%,151,20,7,,,,,,,,8,,,38,Ic,reptile,40%,TP Dmg 60,,Deflect +1,Banish x2,,✘,,,,,,,,,,,,,,
,Kusanagi ™,1,direct,38,dex,2,slash,12%,154,20,7,,,,,,,,8,,,39,Di,undead,40%,TP Dmg 60,Fear Ward,Deflect +1,Sacred Breath x2,,✘,,,,,,,,,,,,,,
,Muramasa ™,1,direct,40,dex,2,slash,12%,158,20,7,,,,,,,,8,,,40,Dr,human,40%,TP Dmg 60,Charm Ward,Deflect +1,Demon Rage x1,,✘,,,,,,,,,,,,,,
,CUDGELS,,,,,,,,,,,,,,,,,,,,,,,,,,,,,,,,,Finishing Move,Rank,Element,Target,Range,Area,Hits,TP,RT,TP Scale,Effect,
,Short Staff,1,direct,1,str,2,crush,6%,40,14,6,,,,,,,,7,,,,,,,,,,Spellcraft x1,,✔,,,Crystallize,2,Ice,Single,1 - 2,1,1,100+,20,Damage,Shackle,
,Iron Staff,1,direct,5,str,2,crush,7%,53,14,6,,,,,,,,10,,,,,,,,,,Spellcraft x1,,✔,,,Arhythmia,4,Air,Single,1,1,2,100+,20,Accuracy,Stun,
,Baldur Rod,1,direct,10,str,2,crush,8%,72,14,6,,,,,,,,13,,,,,† undead,40%,,,,Spellcraft x1,,✔,,,Gate of Truth,6,Dark,Area,2 - 5,2,1,100+,20,Accuracy,-,
,Silver Staff,1,direct,10,str,2,crush,10%,77,14,7,,,,,,,11,,6,,,,† undead,40%,,,Parry +1,,Melee Combat I,✘,,,Jihad,8,Divine,Area,0 - 2,3,1,100+,20,Accuracy,-,
,Elder Staff,1,direct,14,str,2,crush,8%,88,14,6,,,,,,,,16,,,,,,,,,,Spellcraft x1,,✔,,,,,,,,,,,,,,
,Archon Staff,1,direct,14,str,2,crush,11%,93,14,7,,,,,,,14,,8,,,,,,,,Parry +1,,Melee Combat I,✘,,,,,,,,,,,,,,
,Magus Staff,1,direct,18,str,2,crush,9%,103,14,6,,,,,,,,19,,,,,,,,,,Spellcraft x1,,✔,,,,,,,,,,,,,,
,Warlock Staff,1,direct,18,str,2,crush,12%,109,14,7,,,,,,,17,,9,,,,,,,,Parry +1,,Melee Combat II,✘,,,,,,,,,,,,,,
,Damasc Rod,1,direct,22,str,2,crush,10%,118,14,6,,,,,,,,22,,,,,,,,,,Spellcraft x2,,✔,,,,,,,,,,,,,,
,Crucible Staff,1,direct,22,str,2,crush,12%,125,14,7,,,,,,,20,,12,,,,,,,,Parry +1,,Melee Combat II,✘,,,,,,,,,,,,,,
,Amphisbaena,1,direct,24,str,2,crush,13%,129,14,7,,,,,,,21,,12,,,Ea,dragon,40%,,,Parry +1,,Cudgel & Whip,✔,part of dragonslayer set,,,,,,,,,,,,,
,Caduceus,1,direct,25,str,2,crush,13%,130,14,7,,,,,,,22,,13,,,Wt,undead,40%,,,Parry +1,,Cudgel & Whip,✔,,,,,,,,,,,,,,
,Graven Ash,1,direct,26,str,2,crush,13%,132,14,7,,,,,,,22,,13,,,Fi,beast,40%,,,Parry +1,,Cudgel & Whip,✔,,,,,,,,,,,,,,
,Hraesvelg,1,direct,30,str,2,crush,11%,131,14,6,,,,,,,,25,,,,Ai,,,,,Augment Air +2,Wind Dervish x1,Cudgel Enchiridion,✔,,,,,,,,,,,,,,
,Thyrsus,1,direct,30,str,2,crush,11%,131,14,6,,,,,,,,25,,,,Ea,,,,,Augment Earth +2,Sand Spider x1,Cudgel Enchiridion,✔,,,,,,,,,,,,,,
,Murakumo,1,direct,30,str,2,crush,11%,131,14,6,,,,,,,,25,,,,Lg,,,,,Augment Lightning +2,Chimaera x1,Cudgel Enchiridion,✔,,,,,,,,,,,,,,
,Jingu Bang,1,direct,30,str,2,crush,11%,131,14,6,,,,,,,,25,,,,Wt,,,,,Augment Water +2,Water Tiger x1,Cudgel Enchiridion,✔,,,,,,,,,,,,,,
,Sharur,1,direct,30,str,2,crush,11%,131,14,6,,,,,,,,25,,,,Fi,,,,,Augment Fire +2,Fire Snake x1,Cudgel Enchiridion,✔,,,,,,,,,,,,,,
,Kalbia,1,direct,30,str,2,crush,11%,131,14,6,,,,,,,,25,,,,Ic,,,,,Augment Ice +2,Rime Raven x1,Cudgel Enchiridion,✔,,,,,,,,,,,,,,
,Lifegiver,1,direct,30,str,2,crush,11%,131,14,6,,,,,,,,25,,,,Di,,,,,Augment Light +2,Heal ++ x2,Cudgel Enchiridion,✔,,,,,,,,,,,,,,
,Khatvanga,1,direct,30,str,2,crush,11%,131,14,6,,,,,,,,25,,,,Dr,,,,,Augment Darkness +2,Meditate x3,Cudgel Enchiridion,✔,,,,,,,,,,,,,,
,Lipul's Rod,1,direct,34,str,2,crush,15%,146,14,7,,,,,,,27,8,14,,,Ic,reptile,40%,,Charm Ward,Parry +1,Decoy x3,,✘,,,,,,,,,,,,,,
,Sagara,1,direct,36,str,2,crush,15%,149,14,7,,,,,,,28,8,14,,,Ai,divine,40%,,Stop Ward,Parry +1,Springboard x2,,✘,,,,,,,,,,,,,,
,Lazarus ™,1,direct,38,str,2,slash,15%,153,14,7,,,,,,,29,8,15,,,Di,umbra,40%,,Fear Ward,Parry +1,Exorcism x2,,✘,,,,,,,,,,,,,,
,Jormungand ™,1,direct,40,str,2,crush,16%,156,14,7,,,,,,,30,8,15,,,Dr,human,40%,,Silence Ward,Parry +1,Accelerator x1,,✘,,,,,,,,,,,,,,
,WHIPS,,,,,,,,,,,,,,,,,,,,,,,,,,,,,,,,,Finishing Move,Rank,Element,Target,Range,Area,Hits,TP,RT,TP Scale,Effect,
,Bullwhip,1 - 2,direct,5,dex,2,slash,3%,50,24,4,,,,,,,,,,,,,,,60% Falsestrike,,Subdue +2,,,✔,,,Tidal Bore,2,Water,Line,1 - 4,1,1,100+,30,Accuracy,Poison,
,Chain Whip,1 - 2,direct,10,dex,2,slash,4%,67,24,4,,,,,,,,,,,,,† undead,40%,60% Falsestrike,,Tame +2,,,✔,,,Constrictor,4,Lightning,Single,1 - 2,1,1,100+,30,Damage,Shackle,
,Scourge,1 - 2,direct,15,dex,2,slash,4%,85,24,4,,,,,,,,,,,,,,,60% Falsestrike,,Subdue +2,,,✔,,,Flagellation,6,Divine,Single,1 - 2,1,2,100+,30,Accuracy,-,
,Cat o' Nine Tails,1 - 2,direct,20,dex,2,slash,5%,103,24,4,,,,,,,,,,,,,,,60% Falsestrike,,Tame +2,,,✔,,,Armageddon,8,Dark,Self,-,3,1,100+,30,Damage,-,
,Avernalis,1 - 2,direct,24,dex,2,slash,5%,113,24,4,,,,,,,,,,,,Ai,reptile,40%,60% Falsestrike,,Subdue +2,,Cudgel & Whip,✔,,,Demon Rose,3,Ice,Self,-,3,1,100+,30,Accuracy,Charm,Knight Commander only
,Holy Comet,1 - 2,direct,28,dex,2,slash,5%,119,24,4,,,,,,,,,,,,Di,undead,40%,60% Falsestrike,,Tame +2,,Whip Enchiridion,✘,,,,,,,,,,,,,,
,Grimalkin,1 - 2,direct,30,dex,2,slash,5%,122,24,4,,,,,,,,,,,,Dr,human,40%,60% Falsestrike,Stun Ward,Subdue +2,,Whip Enchiridion,✘,,,,,,,,,,,,,,
,Rosebud ™,1 - 2,direct,32,dex,2,slash,5%,125,24,4,,,,,,,,8,,,,Ic,beast,40%,60% Falsestrike,Charm Ward,Tame +2,Apostate x1,,✘,female only,,,,,,,,,,,,,
,Aegir,1 - 2,direct,36,dex,2,slash,6%,131,24,4,,,,,,,,8,,,,Wt,dragon,40%,60% Falsestrike,,Subdue +2,Aquatic Resonance x2,,✘,part of dragonslayer set,,,,,,,,,,,,,
,Rudra's Braid ™,1 - 2,direct,40,dex,2,slash,6%,137,24,4,,,,,,,,8,,,,Lg,divine,40%,60% Falsestrike,Fear Ward,Tame +2,Arc Smash x1,,✘,,,,,,,,,,,,,,
,SPELLBOOKS,,,,,,,,,,,,,,,,,,,,,,,,,,,,,,,,,Finishing Move,Rank,Element,Target,Range,Area,Hits,TP,RT,TP Scale,Effect,
,Biblion Pupparis,2 - 3,direct,1,dex,1,crush,2%,29,16,3,,15,,,,,,4,,,,,golem,100%,60% Rupture,,Golemy +3,Meditate x3,,✔,,,Annihilate,2,Dark,Single,1 - 3,1,2,100+,20,Accuracy,Curse,
,Biblion Teratus,2 - 3,direct,4,dex,1,crush,2%,35,16,3,,20,,,,,,5,,,,,beast,100%,60% Rupture,,Teratology +3,Meditate x3,,✔,,,Obliterate,4,Earth,Line,1 - 5,2,1,100+,20,Damage,-,
,Biblion Herpetou,2 - 3,direct,7,dex,1,crush,2%,44,16,3,,25,,,,,,6,,,,,reptile,100%,60% Rupture,,Herpetology +3,Meditate x3,,✔,,,Liquidate,6,Water,Area,2 - 5,2,1,100+,20,Accuracy,RT Reset,
,Biblion Draconis,2 - 3,direct,10,dex,1,crush,3%,52,16,3,,29,,,,,,7,,,,,dragon,100%,60% Rupture,,Draconology +3,Meditate x3,,✔,,,Devastate,8,Lightning,Self,-,4,1,100+,20,Accuracy,-,
,Biblion Sacri,2 - 3,direct,13,dex,1,crush,3%,60,16,3,,34,,,,,,9,,,,,divine,100%,60% Rupture,,Sacrology +3,Meditate x3,,✔,,,,,,,,,,,,,,
,Biblion Daemonis,2 - 3,direct,16,dex,1,crush,3%,68,16,3,,39,,,,,,10,,,,,umbra,100%,60% Rupture,,Daemonology +3,Meditate x3,,✔,,,,,,,,,,,,,,
,Biblion Spiritus,2 - 3,direct,19,dex,1,crush,3%,76,16,3,,43,,,,,,11,,,,,faerie,100%,60% Rupture,,Aurology +3,Meditate x3,,✔,,,,,,,,,,,,,,
,Biblion Thanatos,2 - 3,direct,22,dex,1,crush,3%,84,16,3,,48,,,,,,12,,,,,undead,100%,60% Rupture,,Thanatology +3,Meditate x3,,✔,,,,,,,,,,,,,,
,Biblion Anatomie,2 - 3,direct,30,dex,1,crush,4%,94,16,3,,53,,,,,,13,,,,,human,100%,60% Rupture,,Anatomy +3,Meditate x3,Transcription,✘,,,,,,,,,,,,,,
,Gran Grimoire ™,2 - 3,direct,40,dex,1,crush,4%,105,16,3,,60,,,,,,15,,,,Di,,,Rupture,Full Ward,Augment Light +1,Teleport x1,,✘,full status immunity,,,,,,,,,,,,,
,INSTRUMENTS,,,,,,,,,,,,,,,,,,,,,,,,,,,,,,,,,Finishing Move,Rank,Element,Target,Range,Area,Hits,TP,RT,TP Scale,Effect,
,Pandeiro,2 - 3,direct,5,dex,2,crush,3%,48,32,4,,,,,,,,,9,,,,,,15% Charm,,,,,✔,,,Sultry Performance,2,Fire,Self,-,2,2,100+,40,Accuracy,-,
,Tambourine,2 - 3,direct,10,dex,2,crush,4%,65,32,4,,,,,,,,,12,,,,† undead,40%,15% Charm,,,,,✔,,,Desperate Aria,4,Air,Area,2 - 3,2,1,100+,40,Accuracy,Stun,
,Bolon,2 - 3,direct,15,dex,2,crush,4%,82,32,4,,,,,,,,,15,,,,,,15% Charm,,,,,✔,,,Love Chemistry,6,Water,Single,2 - 3,1,1,100+,40,Damage,Bewitch,
,Seperewa,2 - 3,direct,20,dex,2,crush,5%,99,32,4,,,,,,,,,19,,,,,,15% Charm,,,,,✔,,,Final Fortissimo,8,Divine,Self,-,3,1,100+,40,Accuracy,Silence,
,Cavaquinho,2 - 3,direct,24,dex,2,crush,5%,108,32,4,,,,,,,,,21,,,Ai,umbra,40%,15% Charm,,,,Musical Instruments,✔,,,,,,,,,,,,,,
,Huapanguera,2 - 3,direct,27,dex,2,crush,5%,113,32,4,,,,,,,,,21,,,Wt,reptile,40%,15% Charm,,,,Instrument Enchiridion,✘,,,,,,,,,,,,,,
,Gerza's Atabaque,2 - 3,direct,30,dex,2,crush,5%,117,32,4,,,,,,,,,22,,,Fi,beast,40%,15% Charm,Charm Ward,Augment Fire +2,Brimstone x2,,✘,,,,,,,,,,,,,,
,Rabana's Kemenche,2 - 3,direct,33,dex,2,crush,6%,122,32,4,,,,,,,,,23,,,Ea,dragon,40%,15% Charm,Stun Ward,Augment Earth +2,Petrifog x2,,✘,part of dragonslayer set,,,,,,,,,,,,,
,Livela's Tanbur,2 - 3,direct,36,dex,2,crush,6%,126,32,4,,,,,,,,,24,,,Dr,human,40%,15% Charm,Fool Ward,Augment Darkness +2,Tainted Love x1,,✘,,,,,,,,,,,,,,
,Bragi's Harp ™,2 - 3,direct,40,dex,2,crush,6%,132,32,4,,,,,,,,,25,,,Di,undead,40%,15% Charm,Poison Ward,Augment Light +2,Day Of Reckoning x1,,✘,,,,,,,,,,,,,,
,INNATE,,,,,,,,,,,,,,,,,,,,,,,,,,,,,,,,,,,,,,,,,,,,
,Punch,1,direct,1,dex,1,crush,10%,10,10,,,,,,,,,,,,,,,,,,,,,,,,,,,,,,,,,,,
,Slap,1,direct,1,dex,1,crush,5%,10,8,,,,,,,,,,,,,,,,,,,,,,,,,,,,,,,,,,,
,Ki Strike,1,direct,1,dex,1,pierce,15%,20,10,,,,,,,,,,,,,,,,,,,,,,,,,,,,,,,,,,,
,Maul,1,direct,1,str,1,slash,10%,20,12,,,,,,,,,,,,,,,,,,,,,,,,,,,,,,,,,,,
,Haymaker,1,direct,1,str,1,crush,10%,20,12,,,,,,,,,,,,,,,,,,,,,,,,,,,,,,,,,,,
,Rake,1,direct,1,dex,1,slash,5%,20,10,,,,,,,,,,,,,,,,,,,,,,,,,,,,,,,,,,,
,Flog,1,direct,1,dex,1,crush,5%,20,10,,,,,,,,,,,,,,,,,,,,,,,,,,,,,,,,,,,
,SIDEARMS (Blowguns),,,,,,,,,,,,,,,,,,,,,,,,,,,,,,,,,Finishing Move,Rank,Element,Target,Range,Area,Hits,TP,RT,TP Scale,Effect,
,Gerges Blowgun,2 - 4,straight,4,dex,1,pierce,2%,31,28,2,,,,,,,,,,,,,,,60% Stun,Stun Ward,,,,✔,,,Frostmourne,2,Ice,Single,2 - 5,1,1,100+,40,Accuracy,Slow,
,Wyvern Blowgun,2 - 4,straight,7,dex,1,pierce,2%,37,28,2,,,,,,,,,,,,,,,Poison,Poison Ward,,,,✔,,,Scorpio Sting,4,Lightning,Single,2 - 5,1,1,100+,40,Accuracy,TP Reset,
,Baldur Blowgun,2 - 4,straight,10,dex,1,pierce,2%,44,28,2,,,,,,,,,,,,,† undead,20%,50% Silence,Silence Ward,,,Ranged Combat I,✔,,,Heaven to Hell,6,Divine,Single,2 - 7,1,1,100+,40,Accuracy,-,
,Djinn Blowgun,2 - 4,straight,13,dex,1,pierce,2%,51,28,2,,,,,,,,,,,,,,,50% Slow,Slow Ward,,,Ways of the Wild,✔,,,Implosion,8,Air,Single,2 - 5,1,1,100+,40,Accuracy,Stop,
,Hypnos Blowgun,2 - 4,straight,16,dex,1,pierce,2%,58,28,2,,,,,,,,,,,,,,,50% Sleep,Sleep Ward,,,Ways of the Wild,✔,,,,,,,,,,,,,,
,Nymph Blowgun,2 - 4,straight,19,dex,1,pierce,2%,65,28,2,,,,,,,,,,,,,,,40% Charm,Charm Ward,,,Ways of the Wild,✔,,,,,,,,,,,,,,
,Kirin Blowgun,2 - 4,straight,20,,1,pierce,,1,28,2,,,,,,,,,,,,,,,Heal 33%,Curse Ward,,,Ways of the Wild,✘,,,,,,,,,,,,,,
,Damasc Blowgun,2 - 4,straight,22,dex,1,pierce,2%,72,28,2,,,,,,,,,,,,,,,50% Frighten,Fear Ward,,,Ranged Combat II,✔,,,,,,,,,,,,,,
,Femakk's Blowgun,2 - 4,straight,32,dex,1,pierce,3%,82,28,2,,,,,,,,5,,,,,umbra,20%,40% Stop,Stop Ward,,,,✘,,,,,,,,,,,,,,
,Rahula ™,2 - 4,straight,40,dex,1,pierce,3%,90,28,2,,,,,,,,5,,,,,human,20%,40% Petrify,Stone Ward,,,,✘,,,,,,,,,,,,,,
,SIDEARMS (Thrown),,,,,,,,,,,,,,,,,,,,,,,,,,,,,,,,,,,,,,,,,,,,
,Tomahawk,2 - 5,arc,4,dex,1,slash,5%,38,24,10,,,,,,,,,,,,,,,25% Hobble,,,,,✔,,,,,,,,,,,,,,
,Javelin,2 - 5,arc,9,dex,1,pierce,6%,53,24,10,,,,,,,,,,,,,,,25% Hobble,,,,,✔,,,,,,,,,,,,,,
,Assegai,2 - 4,arc,9,dex,1,pierce,8%,61,32,12,,,,,,,,,,,,,,,15% Slow,,,,Ranged Combat I,✘,,,,,,,,,,,,,,
,Woshele,2 - 5,arc,14,dex,1,slash,7%,67,24,10,,,,,,,,,,,,,,,25% Hobble,,,,,✔,,,,,,,,,,,,,,
,Kulbeda,2 - 4,arc,14,dex,1,slash,9%,77,32,12,,,,,,,,,,,,,,,15% Slow,,,,Ranged Combat I,✘,,,,,,,,,,,,,,
,Chakan,2 - 5,arc,19,dex,1,slash,8%,82,24,10,,,,,,,,,,,,,,,25% Hobble,,,,,✔,,,,,,,,,,,,,,
,Francisca,2 - 4,arc,19,dex,1,slash,10%,94,32,12,,,,,,,,,,,,,,,15% Slow,,,,Ranged Combat II,✘,,,,,,,,,,,,,,
,Simbilan,2 - 5,arc,24,dex,1,pierce,8%,93,24,10,,,,,,,,,,,,,,,25% Hobble,,,,,✔,,,,,,,,,,,,,,
,Pilum,2 - 4,arc,24,dex,1,pierce,11%,107,32,12,,,,,,,,,,,,,,,15% Slow,,,,Thrown Weapons I,✘,,,,,,,,,,,,,,
,Somai,2 - 5,arc,29,dex,1,crush,9%,99,24,10,,,,,,,,,,,,,,,25% Hobble,,,,,✔,,,,,,,,,,,,,,
,Bola,2 - 4,arc,29,dex,1,crush,11%,114,32,12,,,,,,,,,,,,,,,15% Bind,,,,Thrown Weapons I,✘,,,,,,,,,,,,,,
,Chakram,2 - 5,arc,34,dex,1,slash,9%,106,24,10,,,,,,,,,,,,,,,25% Hobble,,,,,✔,,,,,,,,,,,,,,
,Ripper,2 - 4,arc,34,dex,1,slash,12%,122,32,12,,,,,,,,,,,,,,,15% Slow,,,,Thrown Weapons II,✘,,,,,,,,,,,,,,
,Valkenheim,2 - 7,arc,36,dex,2,slash,16%,141,32,14,,,,,,,,,,,,Ic,human,40%,25% Slow,,,,Secrets of the Master,✘,,,,,,,,,,,,,,
,Spiked Bola,2 - 5,arc,40,dex,1,crush,10%,113,24,10,,,,,,,,,,,,,,,25% Hobble,,,,,✔,,,,,,,,,,,,,,
,Meteor Bola,2 - 4,arc,40,dex,1,crush,13%,130,32,12,,,,,,,,,,,,,,,15% Bind,,,,Thrown Weapons II,✘,,,,,,,,,,,,,,
,BOWS,,,,,,,,,,,,,,,,,,,,,,,,,,,,,,,,,Finishing Move,Rank,Element,Target,Range,Area,Hits,TP,RT,TP Scale,Effect,
,War Bow,3 - 8,arc,1,dex,2,pierce,3%,33,56,8,,,,,,,,,,,,,,,,,,,,✔,,,Dead Anchor,2,Dark,Single,3 - 7,1,1,100+,60,Accuracy,Leaden/Delay,
,Shortbow,3 - 7,arc,4,dex,1,pierce,2%,32,32,4,,,,,,,,,,,,,,,,,,,,✔,,,Morpheus,4,Water,Single,3 - 7,1,1,100+,60,Accuracy,Sleep,
,Longbow,3 - 8,arc,7,dex,2,pierce,4%,47,56,8,,,,,,,,,,,,,,,,,,,,✔,,,Starfall,6,Air,Area,3 - 5,2,1,100+,60,Accuracy,-,
,Baldur Bow,3 - 7,arc,10,dex,1,pierce,3%,47,32,4,,,,,,,,,,,,,† undead,20%,,,,,,✔,,,Absolute Zero,8,Ice,Single,3 - 7,1,1,100+,60,Accuracy,Shackle,
,Recurve Bow,3 - 8,arc,14,dex,2,pierce,4%,65,56,8,,,,,,,,,,,,,,,,,,,,✔,,,,,,,,,,,,,,
,Siege Bow,6 - 10,arc,14,dex,2,pierce,5%,68,64,10,,,,,,-15,,,,,,,,,,,,,Ranged Combat I,✘,,,,,,,,,,,,,,
,Silver Arch,3 - 7,arc,16,dex,1,pierce,3%,61,32,4,,,,,,,,,,,,,† undead,20%,,,,,,✔,,,,,,,,,,,,,,
,Composite Bow,3 - 8,arc,18,dex,2,pierce,4%,76,56,8,,,,,,,,,,,,,,,,,,,,✔,,,,,,,,,,,,,,
,Laminated Bow,6 - 10,arc,18,dex,2,pierce,6%,80,64,10,,,,,,-17,,,,,,,,,,,,,Ranged Combat II,✘,,,,,,,,,,,,,,
,Damasc Bow,3 - 7,arc,22,dex,1,pierce,3%,76,32,4,,,,,,,,,,,,,,,,,,,,✔,,,,,,,,,,,,,,
,Beira,3 - 8,arc,24,dex,2,pierce,5%,90,56,8,,,,,,,,,,,,Ic,beast,40%,,,,,The Bow,✔,,,,,,,,,,,,,,
,Nimbus Bow,6 - 10,arc,25,dex,2,pierce,6%,95,64,10,,,,,,-21,,,,,,Ai,reptile,40%,,,,,The Bow,✔,,,,,,,,,,,,,,
,Suzumebachi,6 - 10,arc,26,dex,2,pierce,7%,97,64,10,,,,,,-21,,,,,,Lg,golem,40%,,,,,The Bow,✔,,,,,,,,,,,,,,
,Crescente,3 - 8,arc,27,dex,2,pierce,5%,93,56,8,,,,,,,,,,,,Di,undead,40%,,,,,The Bow,✔,,,,,,,,,,,,,,
,Crucible Arch,3 - 7,arc,28,dex,1,pierce,3%,82,32,4,,,,,,,,,,,,,,,,,,,The Bow,✔,,,,,,,,,,,,,,
,Cupid Bow,3 - 8,arc,28,dex,2,pierce,5%,95,56,8,,,,,,,,,,,,Dr,divine,40%,,,,,Bow Enchiridion,✘,,,,,,,,,,,,,,
,Gandiva,6 - 10,arc,29,dex,2,pierce,7%,101,64,10,,,,,,-22,,,,,,Fi,umbra,40%,,,,,Bow Enchiridion,✘,,,,,,,,,,,,,,
,Tundra Storm,6 - 10,arc,30,dex,2,pierce,7%,102,64,10,,,,,,-22,,,,,,Ic,dragon,40%,,,,,Bow Enchiridion,✘,,,,,,,,,,,,,,
,Nagavanshi,3 - 8,arc,31,dex,2,pierce,5%,98,56,8,,,,,,,,,,,,Ea,reptile,40%,,,,,Bow Enchiridion,✘,,,,,,,,,,,,,,
,Garuda Bow,3 - 8,arc,32,dex,2,pierce,5%,99,56,8,,,,,,,,,,,,Ai,faerie,40%,,,,,Bow Enchiridion,✘,,,,,,,,,,,,,,
,Miriam,6 - 10,arc,33,dex,2,pierce,7%,106,64,10,,,,,,-23,,8,,,,Wt,beast,40%,,Sleep Ward,,,,✘,,,,,,,,,,,,,,
,Indra's Bow,3 - 8,arc,34,dex,2,pierce,6%,102,56,8,,,,,,,,8,,,,Lg,umbra,40%,,Stun Ward,,,,✘,,,,,,,,,,,,,,
,Shenyi's Gaze,3 - 8,arc,36,dex,2,pierce,6%,104,56,8,,,,,,,,8,,,,Fi,human,40%,,Fear Ward,,,,✘,,,,,,,,,,,,,,
,Icarus Bow,3 - 7,arc,36,dex,1,pierce,4%,91,32,4,,,,,,,,,,,,,,,,,,,Secrets of the Master,✘,,,,,,,,,,,,,,
,Ji'ygla's Bow ™,6 - 10,arc,38,dex,2,pierce,8%,112,64,10,,,,,,-24,,8,,,,Dr,divine,40%,,Charm Ward,,,,✘,part of ji'ygla set,,,,,,,,,,,,,
,Ytiva ™,6 - 10,arc,39,dex,2,pierce,8%,113,64,10,,,,,,-25,,8,,,,Di,undead,40%,,Stone Ward,,,,✘,,,,,,,,,,,,,,
,Centeotl's Rib ™,3 - 8,arc,40,dex,2,pierce,6%,109,56,8,,,,,,,,8,,,,Wt,dragon,40%,,Stop Ward,,,,✘,,,,,,,,,,,,,,
,CROSSBOWS,,,,,,,,,,,,,,,,,,,,,,,,,,,,,,,,,Finishing Move,Rank,Element,Target,Range,Area,Hits,TP,RT,TP Scale,Effect,
,Crossbow,2 - 9,straight,1,dex,2,pierce,4%,37,64,10,,,,,,,,,,,,,,,,,,,,✔,,,Brimstone Hail,2,Fire,Single,2 - 8,1,1,100+,70,Accuracy,Stun,
,Bowgun,2 - 8,straight,4,dex,1,pierce,3%,36,36,5,,,,,,,,,,,,,,,,,,,,✔,,,Rivet,4,Lightning,Single,2 - 8,1,1,100+,70,Accuracy,Bind,
,Arbalest,2 - 9,straight,7,dex,2,pierce,5%,53,64,10,,,,,,,,,,,,,,,,,,,,✔,,,Quillrain,6,Earth,Line,1 - 10,1,1,100+,70,Accuracy,-,
,Baldur Crossbow,2 - 8,straight,10,dex,1,pierce,3%,53,36,5,,,,,,,,,,,,,† undead,20%,,,,,,✔,,,Sanctus Flare,8,Divine,Single,2 - 8,1,1,100+,70,Accuracy,Petrify,
,Cranequin,2 - 9,straight,14,dex,2,pierce,5%,74,64,10,,,,,,,,,,,,,,,,,,,,✔,,,Ahriman,1,,Single,2 - 8,1,1,20,65,-,50% Wither,Necromancer only
,Boltcaster,1 - 12,line,14,dex,1,crush,7%,64,40,6,,,,,,12,,,,,,,,,,,,,Ranged Combat I,✘,,,,,,,,,,,,,,
,Silver Bowgun,2 - 8,straight,16,dex,1,pierce,4%,70,36,5,,,,,,,,,,,,,† undead,20%,,,,,,✔,,,,,,,,,,,,,,
,Ballista,2 - 9,straight,18,dex,2,pierce,6%,87,64,10,,,,,,,,,,,,,,,,,,,,✔,,,,,,,,,,,,,,
,Scorpion,1 - 12,line,18,dex,1,crush,7%,75,40,6,,,,,,14,,,,,,,,,,,,,Ranged Combat II,✘,,,,,,,,,,,,,,
,Damasc Crossbow,2 - 8,straight,22,dex,1,pierce,4%,86,36,5,,,,,,,,,,,,,,,,,,,,✔,,,,,,,,,,,,,,
,Vaskania,1 - 12,line,24,dex,1,crush,8%,89,40,6,,,,,,16,,,,,,Dr,divine,40%,,,,,The Crossbow,✔,,,,,,,,,,,,,,
,Shooting Star,2 - 9,straight,25,dex,2,pierce,7%,104,64,10,,,,,,,,,,,,Fi,umbra,40%,,,,,The Crossbow,✔,,,,,,,,,,,,,,
,Banshee's Keen,1 - 12,line,26,dex,1,crush,8%,91,40,6,,,,,,17,,,,,,Ai,reptile,40%,,,,,The Crossbow,✔,,,,,,,,,,,,,,
,Roodbow,2 - 9,straight,27,dex,2,pierce,7%,106,64,10,,,,,,,,,,,,Di,undead,40%,,,,,The Crossbow,✔,,,,,,,,,,,,,,
,Crucible Bowgun,2 - 8,straight,28,dex,1,pierce,4%,94,36,5,,,,,,,,,,,,,,,,,,,The Crossbow,✔,,,,,,,,,,,,,,
,Arakaali,2 - 9,straight,28,dex,2,pierce,7%,108,64,10,,,,,,,,,,,,Lg,golem,40%,,,,,Crossbow Enchiridion,✘,,,,,,,,,,,,,,
,Kalina Ann,1 - 12,line,29,dex,1,crush,9%,95,40,6,,,,,,18,,,,,,Ic,beast,40%,,,,,Crossbow Enchiridion,✘,,,,,,,,,,,,,,
,Zerda,2 - 9,straight,30,dex,2,pierce,7%,110,64,10,,,,,,,,,,,,Ea,dragon,40%,,,,,Crossbow Enchiridion,✘,,,,,,,,,,,,,,
,Leilah,2 - 9,straight,32,dex,2,pierce,7%,113,64,10,,,,,,,,8,,,,Dr,divine,40%,,Charm Ward,,,,✘,,,,,,,,,,,,,,
,Shams,1 - 12,line,34,dex,1,crush,9%,101,40,6,,,,,,19,,5,,,,Fi,faerie,40%,,Stun Ward,,,,✘,,,,,,,,,,,,,,
,Marid,2 - 9,straight,36,dex,2,pierce,8%,119,64,10,,,,,,,,8,,,,Wt,reptile,40%,,Stone Ward,,,,✘,,,,,,,,,,,,,,
,Icarus Bowgun,2 - 8,straight,36,dex,1,pierce,5%,103,36,5,,,,,,,,,,,,,,,,,,,Secrets of the Master,✘,,,,,,,,,,,,,,
,Ysaar,2 - 9,straight,38,dex,2,pierce,8%,121,64,10,,,,,,,,8,,,,Ai,human,40%,,Silence Ward,,,,✘,,,,,,,,,,,,,,
,Astra,1 - 12,line,39,dex,1,crush,10%,107,40,6,,,,,,20,,5,,,,Di,umbra,40%,,Sleep Ward,,,,✘,,,,,,,,,,,,,,
,Bars,2 - 9,straight,40,dex,2,pierce,8%,124,64,10,,,,,,,,8,,,,Ic,beast,40%,,Stop Ward,,,,✘,,,,,,,,,,,,,,
,FUSILS,,,,,,,,,,,,,,,,,,,,,,,,,,,,,,,,,Finishing Move,Rank,Element,Target,Range,Area,Hits,TP,RT,TP Scale,Effect,
,Kubur,1 - 5,straight,15,dex,1,pierce,4%,75,44,6,,,,,,,,,,,,,,,,,,,The Fusil,✔,,,Fata Morgana,2,Water,Single,1 - 9,1,1,100+,80,Accuracy,Silence,
,Patilla,1 - 5,straight,20,dex,1,pierce,5%,91,44,6,,,,,,,,,,,,,,,,,,,The Fusil,✔,,,Gimlet,4,Air,Single,1 - 9,1,1,100+,80,Accuracy,RT Reset,
,Arquebus,1 - 10,straight,16,dex,2,pierce,7%,90,72,12,,,,,,,,,,,,,,,,,,,The Fusil,✔,,,Blunderbuss,6,Lightning,Single,1 - 2,1,1,100+,80,Damage,-,
,Musket,1 - 10,straight,22,dex,2,pierce,8%,112,72,12,,,,,,,,,,,,,,,,,,,The Fusil,✔,,,Attunement,8,Divine,Single,1 - 9,1,1,100+,80,Accuracy,Bewitch,
,Belter,1 - 5,straight,25,dex,1,pierce,5%,101,44,6,,,,,,,,,,,,,,,,,,,Fusil Enchiridion,✘,,,Disarm,1,,Single,1 - 7,1,1,50,75,-,50% Shackle,Fusilier only
,Caliver,1 - 10,straight,28,dex,2,pierce,9%,121,72,12,,,,,,,,,,,,,,,,,,,Fusil Enchiridion,✘,,,Silverado,1,,Single,1 - 5,1,2,50,50,-,Exorcism on Kill,Priest/Sibyl only
,Petronel,1 - 5,straight,30,dex,1,pierce,5%,108,44,6,,,,,,,,,,,,,,,,,,,,✘,,,,,,,,,,,,,,
,Jezzail,1 - 10,straight,34,dex,2,pierce,9%,130,72,12,,,,,,,,,,,,,,,,,,,,✘,,,,,,,,,,,,,,
,Dragonet,1 - 5,straight,36,dex,1,pierce,6%,116,44,6,,,,,,,,,,,,,,,,,,,,✘,,,,,,,,,,,,,,
,Rifle,1 - 11,straight,40,dex,2,pierce,10%,139,72,12,,,,,,,,,,,,,,,,,,,,✘,,,,,,,,,,,,,,
,OTHER,,,,,,,,,,,,,,,,,,,,,,,,,,,,,,,,,,,,,,,,,,,,
,Lobber,3 - 6,,3,,1,,,,40,3,,,,,,,,,,,,,,,,,,,,✔,,,,,,,,,,,,,,
,INNATE,,,,,,,,,,,,,,,,,,,,,,,,,,,,,,,,,,,,,,,,,,,,
,Throw Stone,3 - 5,arc,1,dex,1,crush,5%,10,24,,,,,,,,,,,,,,,,25% Knockback,,,,,,,,,,,,,,,,,,,
,Shuriken,3 - 6,straight,1,dex,1,pierce,5%,15,24,,,,,,,,,,,,,,,,50% Poison,,,,,,,,,,,,,,,,,,,
,Flicker,3 - 6,straight,1,dex,1,crush,5%,15,24,,,,,,,,,,,,,,,,25% Stun,,,,,,,,,,,,,,,,,,,
,Malediction,2 - 5,straight,1,dex,1,crush,,20,20,,,,,,,,,,,,,Dr 20%,,,50% Wither,,,,,,,,,,,,,,,,,,,
,Lob Boulder,3 - 4,arc,1,str,1,crush,,,56,12,,,,,,,,,,,,,,,50% Knockback,,,,,,,,,,,,,,,,,,,
,Boulder Toss,3 - 5,arc,1,str,1,crush,,,56,12,,,,,,,,,,,,,,,50% Knockback,,,,,,,,,,,,,,,,,,,
,Throw Item,3 - 4,,1,,1,,,,50,,,,,,,,,,,,,,,,,,,,,,,,,,,,,,,,,,,
,CURSED,,,,,,,,,,,,,,,,,,,,,,,,,,,,,,,,,,,,,,,,,,,,
,Zeromus ™,1,direct,30,dex,1,slash,5%,88,8,3,,,,,,,20,,,,,,,,Reaper 7% MaxHP,,,Heaven's Tear x1,,✘,,,,,,,,,,,,,,
,Shemhazai ™,1,direct,30,dex,1,pierce,4%,84,4,2,,,,,,,,,20,,,,,,Reaper 6% MaxHP,,,Hurricane x1,,✘,,,,,,,,,,,,,,
,Mateus ™,1,direct,30,str,1,slash,21%,100,12,6,,,,,,50,,,,,,,,,Reaper 10% MaxHP,,,Total Whiteout x1,,✘,,,,,,,,,,,,,,
,Hashmal ™,1,direct,30,str,2,slash,28%,129,24,8,,,,,,50,,,,,,,,,Reaper 13% MaxHP,,Overpower +2,Fault Line x1,,✘,,,,,,,,,,,,,,
,Belias ™,1,direct,30,str,2,slash,23%,140,32,10,,,,,,,,,,30,,,,,Reaper 14% MaxHP,,Overpower +2,Crimson Note x1,,✘,,,,,,,,,,,,,,
,Cuchulainn ™,1 - 2,line,30,str,2,pierce,14%,124,28,8,,,,,,,30,,,,,,,,Reaper 11% MaxHP,,Parry +2,Baleful Mist x1,,✘,,,,,,,,,,,,,,
,Dumas ™,1,direct,30,str,2,crush,18%,151,40,12,60,,,,,,,,,,,,,,Reaper 15% MaxHP,,Overpower +2,Radiant Gale x1,,✘,,,,,,,,,,,,,,
,Zalera ™,1,direct,30,dex,1,slash,7%,92,10,5,,,,,,,,,,,30,,,,Reaper 8% MaxHP,,,Delirium Haze x1,,✘,,,,,,,,,,,,,,
,Adrammelech ™,1,direct,30,dex,2,slash,11%,119,20,7,,,,,,,,,,,50,,,,Reaper 12% MaxHP,,Deflect +2,Storm Front x1,,✘,,,,,,,,,,,,,,
,Ultima ™,1,direct,30,str,2,crush,10%,111,14,6,,,,,,,,30,,,,,,,Reaper 10% MaxHP,,,Radius x1,,✘,,,,,,,,,,,,,,
,Leviathan ™,1 - 2,direct,30,dex,2,slash,5%,104,24,4,,,,,,,,,,,,,,,Reaper 8% MaxHP,,,Hydro Press x1,,✘,,,,,,,,,,,,,,
,Elidibus ™,2 - 3,direct,30,dex,1,crush,4%,80,16,3,,80,,,,,,20,,,,,,,Reaper 5% MaxHP,,,Umbra x1,,✘,,,,,,,,,,,,,,
,Famfrit ™,2 - 3,direct,30,dex,2,crush,5%,100,32,4,,,,,,,,,30,,,,,,Reaper 9% MaxHP,,,Allheal III x1,,✘,,,,,,,,,,,,,,
,Rofocale ™,2 - 4,straight,30,dex,1,pierce,3%,68,28,2,,,,,,,,,,,,,,,Reaper 5% MaxHP,,,Stone Circle x1,,✘,,,,,,,,,,,,,,
,Cherubis ™,3 - 8,arc,30,dex,2,pierce,5%,82,56,8,,,,,,,,,,,,,,,Reaper 7% MaxHP,,,Holy War x1,,✘,,,,,,,,,,,,,,
,Exodus ™,2 - 9,straight,30,dex,2,pierce,7%,94,64,10,,,,,,,,,,,,,,,Reaper 8% MaxHP,,,Evil Dead x1,,✘,,,,,,,,,,,,,,
,Solas ™,1 - 10,straight,30,dex,2,pierce,9%,105,72,12,,,,,,,,,,,,,,,Reaper 10% MaxHP,,,Cloud Kill x1,,✘,,,,,,,,,,,,,, 
